Model and Mult,Multiplier,Brand,process_size,transistors,frequency,tdp,memory_bandwidth,#_of_cores,year,time,launch_price,market,Generalized Performance
AMD A10-7850K APU x 1,1,AMD,28,2411,3.7,95,34.1,4,2014,7,173,Desktop,-13.5655034070701
AMD A10-7870K Radeon R7 12 Compute Cores 4C+8G x 1,1,AMD,28,2411,3.9,95,34.1,4,2015,8,137,Desktop,-14.4566111783601
AMD A6-3410MX APU x 1,1,AMD,32,1178,1.6,45,25.6,4,2011,4,295,Mobile,-26.9010143368265
AMD Athlon 3000G x 1,1,AMD,14,4950,3.5,35,42.7,2,2019,12,49,Desktop,-6.41775576846428
AMD EPYC 4124P x 1,1,AMD,5,6570,3.8,65,83.2,4,2024,17,149,Server/Workstation,2.07152645285704
AMD EPYC 4244P x 1,1,AMD,5,6570,3.8,65,83.2,6,2024,17,229,Server/Workstation,2.51879061077778
AMD EPYC 4245P x 1,1,AMD,4,8315,3.9,65,89.6,6,2025,18,239,Server/Workstation,5.46399389499082
AMD EPYC 4344P x 1,1,AMD,5,6570,3.8,65,83.2,8,2024,17,329,Server/Workstation,3.10502887443164
AMD EPYC 4345P x 1,1,AMD,4,8315,3.8,65,89.6,8,2025,18,329,Server/Workstation,6.20395881242712
AMD EPYC 4364P x 1,1,AMD,5,6570,4.5,105,83.2,8,2024,17,399,Server/Workstation,3.91162943097064
AMD EPYC 4464P x 1,1,AMD,5,13140,3.7,65,83.2,12,2024,17,429,Server/Workstation,4.27877349727865
AMD EPYC 4465P x 1,1,AMD,4,16630,3.4,65,89.6,12,2025,18,399,Server/Workstation,6.87895763401862
AMD EPYC 4484PX x 1,1,AMD,5,17840,4.4,120,83.2,12,2024,17,599,Server/Workstation,4.82601221321092
AMD EPYC 4545P x 1,1,AMD,4,16630,3,65,89.6,16,2025,18,549,Server/Workstation,7.18692945529218
AMD EPYC 4564P x 1,1,AMD,5,13140,4.5,170,83.2,16,2024,17,699,Server/Workstation,4.93179458451363
AMD EPYC 4565P x 1,1,AMD,4,16630,4.3,170,89.6,16,2025,18,589,Server/Workstation,7.50917768165996
AMD EPYC 4584PX x 1,1,AMD,5,17840,4.2,120,83.2,16,2024,17,699,Server/Workstation,5.08142453582233
AMD EPYC 4585PX x 1,1,AMD,4,16630,4.3,170,89.6,16,2025,18,699,Server/Workstation,8.60897923019122
AMD EPYC 7232P x 1,1,AMD,7,7600,3.1,120,85.3,8,2019,12,450,Server/Workstation,-1.12307451719471
AMD EPYC 7251 x 1,1,AMD,14,4800,2.1,120,153.6,8,2017,10,574,Server/Workstation,-3.54176127260868
AMD EPYC 7252 x 1,1,AMD,7,7600,3.1,120,85.3,8,2019,12,475,Server/Workstation,-2.27368079502458
AMD EPYC 7262 x 1,1,AMD,7,15200,3.2,155,204.8,8,2019,12,575,Server/Workstation,-2.04844449054045
AMD EPYC 7272 x 1,1,AMD,7,7600,2.9,120,85.3,12,2019,12,625,Server/Workstation,-0.848356640609942
AMD EPYC 7282 x 1,1,AMD,7,7600,2.8,120,85.3,16,2019,12,650,Server/Workstation,-0.292683144253763
AMD EPYC 72F3 x 1,1,AMD,7,33200,3.7,180,204.8,8,2021,14,2468,Server/Workstation,0.874458543409786
AMD EPYC 72F3 x 2,2,AMD,7,33200,3.7,180,204.8,8,2021,14,2468,Server/Workstation,1.6688940166707
AMD EPYC 7302 x 1,1,AMD,7,15200,3,155,204.8,16,2019,12,978,Server/Workstation,-4.22669932694705
AMD EPYC 7302P x 1,1,AMD,7,15200,3,155,204.8,16,2019,12,825,Server/Workstation,0.171988183852806
AMD EPYC 7303 x 2,2,AMD,7,8300,2.4,130,204.8,16,2023,16,604,Server/Workstation,5.4363571237074
AMD EPYC 7313 x 1,1,AMD,7,16600,3,155,204.8,16,2021,14,1083,Server/Workstation,2.52477995779609
AMD EPYC 7313 x 2,2,AMD,7,16600,3,155,204.8,16,2021,14,1083,Server/Workstation,5.02189498242738
AMD EPYC 7313P x 1,1,AMD,7,16600,3,155,204.8,16,2021,14,913,Server/Workstation,1.84921558545953
AMD EPYC 7343 x 1,1,AMD,7,16600,3.2,190,204.8,16,2021,14,1565,Server/Workstation,1.91978863917408
AMD EPYC 7343 x 2,2,AMD,7,16600,3.2,190,204.8,16,2021,14,1565,Server/Workstation,5.89315209641599
AMD EPYC 7351P x 1,1,AMD,14,4800,2.4,170,170.6,16,2017,10,750,Server/Workstation,0.612022977338817
AMD EPYC 7352 x 1,1,AMD,7,15200,2.3,155,204.8,24,2019,12,1350,Server/Workstation,-0.343470669931006
AMD EPYC 7373X x 1,1,AMD,7,33200,3.05,240,204.8,16,2022,15,4185,Server/Workstation,2.86802108111608
AMD EPYC 7373X x 2,2,AMD,7,33200,3.05,240,204.8,16,2022,15,4185,Server/Workstation,6.12837872377268
AMD EPYC 73F3 x 1,1,AMD,7,33200,3.5,240,204.8,16,2021,14,3521,Server/Workstation,1.67694601576688
AMD EPYC 73F3 x 2,2,AMD,7,33200,3.5,240,204.8,16,2021,14,3521,Server/Workstation,3.35552715480328
AMD EPYC 7402 x 2,2,AMD,7,15200,2.8,180,204.8,24,2019,12,1783,Server/Workstation,-4.16017722769845
AMD EPYC 7402P x 1,1,AMD,7,3800,2.8,180,204.8,24,2019,12,1280,Server/Workstation,1.18571572865898
AMD EPYC 7413 x 1,1,AMD,7,16600,2.65,180,204.8,24,2021,14,1825,Server/Workstation,2.00937237130857
AMD EPYC 7443 x 1,1,AMD,7,16600,2.85,200,204.8,24,2021,14,2010,Server/Workstation,3.89473993305029
AMD EPYC 7443 x 2,2,AMD,7,16600,2.85,200,204.8,24,2021,14,2010,Server/Workstation,6.75630410983542
AMD EPYC 7452 x 1,1,AMD,7,3800,2.2,155,204.8,32,2019,12,2025,Server/Workstation,0.373456516765195
AMD EPYC 7453 x 1,1,AMD,7,16600,2.75,225,204.8,28,2021,14,1570,Server/Workstation,3.17331565262546
AMD EPYC 7453 x 2,2,AMD,7,16600,2.75,225,204.8,28,2021,14,1570,Server/Workstation,6.51875222546707
AMD EPYC 7473X x 1,1,AMD,7,33200,2.8,240,204.8,24,2022,15,3900,Server/Workstation,6.39284122700613
AMD EPYC 74F3 x 1,1,AMD,7,33200,2.8,240,204.8,24,2021,14,2900,Server/Workstation,3.56285074273145
AMD EPYC 74F3 x 2,2,AMD,7,33200,2.8,240,204.8,24,2021,14,2900,Server/Workstation,6.31253359607733
AMD EPYC 7502 x 1,1,AMD,7,3800,2.5,180,204.8,32,2019,12,2600,Server/Workstation,0.269607420500914
AMD EPYC 7502 x 2,2,AMD,7,3800,2.5,180,204.8,32,2019,12,2600,Server/Workstation,-4.59424116543329
AMD EPYC 7502P x 1,1,AMD,7,3800,2.5,180,204.8,32,2019,12,2300,Server/Workstation,1.50365505402114
AMD EPYC 7513 x 1,1,AMD,7,33200,2.6,200,204.8,32,2021,14,2840,Server/Workstation,3.3466450720861
AMD EPYC 7513 x 2,2,AMD,7,33200,2.6,200,204.8,32,2021,14,2840,Server/Workstation,4.07869932897552
AMD EPYC 7532 x 1,1,AMD,7,15200,2.3,155,204.8,24,2019,12,1350,Server/Workstation,2.32353588020661
AMD EPYC 7542 x 1,1,AMD,7,3800,2.9,225,204.8,32,2019,12,3400,Server/Workstation,1.92499205802694
AMD EPYC 7543 x 1,1,AMD,7,33200,2.8,225,204.8,32,2021,14,3761,Server/Workstation,4.48851009677585
AMD EPYC 7543 x 2,2,AMD,7,33200,2.8,225,204.8,32,2021,14,3761,Server/Workstation,6.8370895233042
AMD EPYC 7551 x 1,1,AMD,14,4800,,180,170.6,32,2017,10,3400,Server/Workstation,0.695325679299327
AMD EPYC 7551 x 2,2,AMD,14,4800,,180,170.6,32,2017,10,3400,Server/Workstation,7.0827003342374
AMD EPYC 7552 x 1,1,AMD,7,3800,2.2,200,204.8,48,2019,12,4025,Server/Workstation,2.18720902127989
AMD EPYC 7573X x 1,1,AMD,7,33200,2.8,280,204.8,32,2022,15,5590,Server/Workstation,6.45099065494769
AMD EPYC 7573X x 2,2,AMD,7,33200,2.8,280,204.8,32,2022,15,5590,Server/Workstation,8.63347306308396
AMD EPYC 75F3 x 1,1,AMD,7,33200,2.95,280,204.8,32,2021,14,4860,Server/Workstation,4.20459996465791
AMD EPYC 75F3 x 2,2,AMD,7,33200,2.95,280,204.8,32,2021,14,4860,Server/Workstation,5.60876975728541
AMD EPYC 7601 x 1,1,AMD,14,4800,2.2,180,170.6,32,2017,10,4200,Server/Workstation,1.36046195641641
AMD EPYC 7601 x 2,2,AMD,14,4800,2.2,180,170.6,32,2017,10,4200,Server/Workstation,1.34169384045228
AMD EPYC 7642 x 1,1,AMD,7,3800,2.4,225,204.8,48,2019,12,4775,Server/Workstation,2.72922498734504
AMD EPYC 7642 x 2,2,AMD,7,3800,2.4,225,204.8,48,2019,12,4775,Server/Workstation,5.41981793257116
AMD EPYC 7643 x 1,1,AMD,7,33200,2.3,225,204.8,48,2021,14,4995,Server/Workstation,5.08813625323427
AMD EPYC 7643 x 2,2,AMD,7,33200,2.3,225,204.8,48,2021,14,4995,Server/Workstation,7.33699628326905
AMD EPYC 7662 x 1,1,AMD,7,33200,,240,204.8,56,2021,14,6366,Server/Workstation,2.51663881291414
AMD EPYC 7663 x 1,1,AMD,7,33200,,240,204.8,56,2021,14,6366,Server/Workstation,4.33277633614876
AMD EPYC 7663 x 2,2,AMD,7,33200,,240,204.8,56,2021,14,6366,Server/Workstation,7.18442669116493
AMD EPYC 7663P x 1,1,AMD,7,33200,,240,204.8,56,2023,16,3139,Server/Workstation,5.39134855240233
AMD EPYC 7702 x 1,1,AMD,7,3800,,200,204.8,64,2019,12,6450,Server/Workstation,3.67412477702652
AMD EPYC 7713 x 1,1,AMD,7,33200,,225,204.8,64,2021,14,7060,Server/Workstation,4.39801101258914
AMD EPYC 7713 x 2,2,AMD,7,33200,,225,204.8,64,2021,14,7060,Server/Workstation,5.68248122887817
AMD EPYC 7713P x 1,1,AMD,7,33200,,225,204.8,64,2021,14,5010,Server/Workstation,4.94525007184593
AMD EPYC 7742 x 1,1,AMD,7,3800,2.25,225,204.8,64,2019,12,6950,Server/Workstation,2.07189237479311
AMD EPYC 7742 x 2,2,AMD,7,3800,2.25,225,204.8,64,2019,12,6950,Server/Workstation,3.63793838111356
AMD EPYC 7763 x 1,1,AMD,7,33200,2.45,280,204.8,64,2021,14,7890,Server/Workstation,5.10094476302226
AMD EPYC 7763 x 2,2,AMD,7,33200,2.45,280,204.8,64,2021,14,7890,Server/Workstation,5.72569832346834
AMD EPYC 7773X x 1,1,AMD,7,33200,2.2,280,204.8,64,2022,15,8800,Server/Workstation,5.56078724115086
AMD EPYC 7773X x 2,2,AMD,7,33200,2.2,280,204.8,64,2022,15,8800,Server/Workstation,6.07803322485367
AMD EPYC 7F32 x 1,1,AMD,7,15200,3.7,180,204.8,8,2020,13,2100,Server/Workstation,1.33266933064929
AMD EPYC 7F32 x 2,2,AMD,7,15200,3.7,180,204.8,8,2020,13,2100,Server/Workstation,-1.1924015886656
AMD EPYC 7F52 x 1,1,AMD,7,3800,3.5,240,204.8,16,2020,13,3100,Server/Workstation,1.40848120487076
AMD EPYC 7F52 x 2,2,AMD,7,3800,3.5,240,204.8,16,2020,13,3100,Server/Workstation,2.62243632616856
AMD EPYC 7F72 x 1,1,AMD,7,3800,3.2,240,204.8,24,2020,13,2450,Server/Workstation,1.69634242601515
AMD EPYC 7F72 x 2,2,AMD,7,3800,3.2,240,204.8,24,2020,13,2450,Server/Workstation,4.06585021318319
AMD EPYC 7K62 x 2,2,AMD,7,15200,3.2,155,204.8,8,2019,12,575,Server/Workstation,7.47362530103313
AMD EPYC 7K83 x 1,1,AMD,14,4800,2.2,170,170.6,16,2017,10,7800,Server/Workstation,1.24660592533561
AMD EPYC 8534P x 1,1,AMD,5,35500,2.3,200,230.4,64,2023,16,4950,Server/Workstation,6.46074056488227
AMD EPYC 8534PN x 1,1,AMD,5,35500,,175,230.4,64,2023,16,5450,Server/Workstation,6.24519497319094
AMD EPYC 9184X x 2,2,AMD,5,90160,3.55,320,460.8,16,2023,16,4928,Server/Workstation,9.80592730461051
AMD EPYC 9374F x 1,1,AMD,5,52560,3.85,320,460.8,32,2022,15,4850,Server/Workstation,6.64030112363554
AMD EPYC 9374F x 2,2,AMD,5,52560,3.85,320,460.8,32,2022,15,4850,Server/Workstation,8.95174907766165
AMD EPYC 9384X x 1,1,AMD,5,90160,3.1,320,460.8,32,2023,16,5529,Server/Workstation,10.0745078792246
AMD EPYC 9384X x 2,2,AMD,5,90160,3.1,320,460.8,32,2023,16,5529,Server/Workstation,10.2625851274192
AMD EPYC 9534 x 2,2,AMD,5,52560,2.45,280,460.8,64,2022,15,8803,Server/Workstation,9.6778684208478
AMD EPYC 9554 x 1,1,AMD,5,52560,3.1,360,460.8,64,2022,15,9087,Server/Workstation,7.95762997629638
AMD EPYC 9554 x 2,2,AMD,5,52560,3.1,360,460.8,64,2022,15,9087,Server/Workstation,8.96612818518982
AMD EPYC 9575F x 1,1,AMD,4,66520,3.3,400,576,64,2024,17,11791,Server/Workstation,9.68554081826894
AMD EPYC 9575F x 2,2,AMD,4,66520,3.3,400,576,64,2024,17,11791,Server/Workstation,10.892843947522
AMD EPYC 9634 x 1,1,AMD,5,78840,2.25,290,460.8,84,2022,15,10304,Server/Workstation,7.7321313294662
AMD EPYC 9634 x 2,2,AMD,5,78840,2.25,290,460.8,84,2022,15,10304,Server/Workstation,9.66909971172112
AMD EPYC 9654 x 1,1,AMD,5,78840,2.4,360,460.8,96,2022,15,11805,Server/Workstation,8.01834476276236
AMD EPYC 9654 x 2,2,AMD,5,78840,2.4,360,460.8,96,2022,15,11805,Server/Workstation,8.79488907262155
AMD EPYC 9655 x 1,1,AMD,4,99780,2.6,400,576,96,2024,17,11852,Server/Workstation,9.77841364022181
AMD EPYC 9655 x 2,2,AMD,4,99780,2.6,400,576,96,2024,17,11852,Server/Workstation,11.0860779104574
AMD EPYC 9655P x 1,1,AMD,4,99780,2.6,400,576,96,2024,17,10811,Server/Workstation,9.85511051370964
AMD EPYC 9684X x 1,1,AMD,5,135240,2.55,400,460.8,96,2023,16,14756,Server/Workstation,8.829120848673
AMD EPYC 9684X x 2,2,AMD,5,135240,2.55,400,460.8,96,2023,16,14756,Server/Workstation,10.5443828423308
AMD EPYC 9754 x 1,1,AMD,5,71000,2.25,360,460.8,128,2023,16,11900,Server/Workstation,8.04739677693804
AMD EPYC 9754 x 2,2,AMD,5,71000,2.25,360,460.8,128,2023,16,11900,Server/Workstation,9.18427643718967
AMD EPYC 9755 x 1,1,AMD,4,133040,2.7,500,576,128,2024,17,12984,Server/Workstation,10.0391419399974
AMD EPYC 9755 x 2,2,AMD,4,133040,2.7,500,576,128,2024,17,12984,Server/Workstation,11.2846934686083
AMD EPYC 9845 x 1,1,AMD,3,,2.1,390,576,160,2024,17,13564,Server/Workstation,8.05805426830897
AMD EPYC 9965 x 1,1,AMD,3,,2.25,500,576,192,2024,17,14813,Server/Workstation,9.67434059514755
AMD EPYC 9965 x 2,2,AMD,3,,2.25,500,576,192,2024,17,14813,Server/Workstation,10.5135199609779
AMD FX-6300 Six-Core x 1,1,AMD,32,1200,3.5,95,29.9,6,2012,5,132,Desktop,-10.8259101935274
AMD FX-8150 Eight-Core x 1,1,AMD,32,1200,3.6,125,,8,2011,4,245,Desktop,-13.5648310152401
AMD FX-8350 Eight-Core x 1,1,AMD,32,1200,4,125,29.9,8,2012,5,199,Desktop,-6.52038438401202
AMD FX-8370 Eight-Core x 1,1,AMD,32,1200,4,125,29.9,8,2014,7,199,Desktop,-8.41159870880888
AMD Phenom 9650 x 1,1,AMD,65,450,2.3,95,,4,2008,1,215,Desktop,-7.07893812357159
AMD Phenom II X3 720 x 1,1,AMD,45,758,2.8,95,21.3,3,2010,3,145,Desktop,-7.47324174253702
AMD RYZEN AI MAX PRO 390 x 1,1,AMD,4,,3.2,55,256,12,2025,18,,Mobile,4.68888651688436
AMD RYZEN AI MAX+ 395 x 1,1,AMD,4,,3,55,256,16,2025,18,,Mobile,6.2654663988843
AMD RYZEN AI MAX+ PRO 395 x 1,1,AMD,4,,3,55,256,16,2025,18,,Mobile,5.98541564980801
AMD Ryzen 3 1300X x 1,1,AMD,14,4800,3.4,65,42.7,4,2017,10,129,Desktop,-3.20132081587511
AMD Ryzen 3 2200G x 1,1,AMD,14,4950,3.5,65,46.9,4,2018,11,99,Desktop,-4.77182247083253
AMD Ryzen 3 3100 x 1,1,AMD,7,3800,3.6,65,51.2,4,2020,13,99,Desktop,-2.35410270395519
AMD Ryzen 3 3200G x 1,1,AMD,12,4940,3.6,65,46.9,4,2019,12,99,Desktop,-6.26836486177278
AMD Ryzen 3 3200U x 1,1,AMD,14,4940,2.6,15,38.4,2,2019,12,,Mobile,-9.20743375879698
AMD Ryzen 3 3300X x 1,1,AMD,7,3800,3.8,65,51.2,4,2020,13,120,Desktop,-2.99144768281254
AMD Ryzen 5 1500X x 1,1,AMD,14,4800,3.5,65,42.7,4,2017,10,189,Desktop,-3.8037834199435
AMD Ryzen 5 1600 Six-Core x 1,1,AMD,6,,2.8,15,88,4,2023,16,,Mobile,-2.62595985078758
AMD Ryzen 5 1600X Six-Core x 1,1,AMD,6,,2.8,15,88,4,2023,16,,Mobile,-2.13208458387531
AMD Ryzen 5 2400G with Radeon Vega x 1,1,AMD,6,,2.8,15,88,4,2023,16,,Mobile,-3.57254747321425
AMD Ryzen 5 2400G x 1,1,AMD,14,4950,3.6,65,46.9,4,2018,11,169,Desktop,-3.59185478052986
AMD Ryzen 5 2600 Six-Core x 1,1,AMD,6,,2.8,15,88,4,2023,16,,Mobile,-3.15153714625488
AMD Ryzen 5 2600X Six-Core x 1,1,AMD,6,,2.8,15,88,4,2023,16,,Mobile,-2.14060575157821
AMD Ryzen 5 3400G x 1,1,AMD,12,4940,3.7,65,46.9,4,2019,12,149,Desktop,-4.75662510431171
AMD Ryzen 5 3500U x 1,1,AMD,12,4940,2.1,15,,4,2019,12,,Mobile,-6.11648742141015
AMD Ryzen 5 3500X x 1,1,AMD,7,3800,3.6,65,51.2,6,2019,12,130,Desktop,-0.825286962723134
AMD Ryzen 5 3600 x 1,1,AMD,7,3800,3.6,65,51.2,6,2019,12,199,Desktop,-1.21860285619508
AMD Ryzen 5 3600X x 1,1,AMD,7,3800,3.8,95,51.2,6,2019,12,249,Desktop,-0.367875720714865
AMD Ryzen 5 3600XT x 1,1,AMD,7,3800,3.8,95,51.2,6,2019,12,249,Desktop,0.431776818657267
AMD Ryzen 5 4500U x 1,1,AMD,7,9800,2.3,15,51.2,6,2020,13,,Mobile,-2.3405889513234
AMD Ryzen 5 5500 x 1,1,AMD,7,10700,3.6,65,51.2,6,2022,15,159,Desktop,0.390247027629076
AMD Ryzen 5 5500U x 1,1,AMD,7,9800,2.1,15,51.2,6,2021,14,,Mobile,-1.13840375403382
AMD Ryzen 5 5560U x 1,1,AMD,7,10700,2.3,15,51.2,6,2021,14,,Mobile,-1.71125207043114
AMD Ryzen 5 5600G x 1,1,AMD,7,10700,3.9,65,51.2,6,2021,14,259,Desktop,-0.312021686288176
AMD Ryzen 5 5600X x 1,1,AMD,7,4150,3.7,65,51.2,6,2020,13,299,Desktop,0.643328978770443
AMD Ryzen 5 7600 x 1,1,AMD,5,6570,3.8,65,83.2,6,2023,16,229,Desktop,2.47672959242754
AMD Ryzen 5 7600X x 1,1,AMD,5,6570,4.7,105,83.2,6,2022,15,299,Desktop,2.59676005847247
AMD Ryzen 5 8400F x 1,1,AMD,4,25000,4.2,65,83.2,6,2024,17,170,Desktop,2.5851952669207
AMD Ryzen 5 8500G x 1,1,AMD,4,20900,3.5,65,83.2,6,2024,17,179,Mobile,3.32753028547116
AMD Ryzen 5 8600G x 1,1,AMD,4,25000,4.3,65,83.2,6,2024,17,229,Desktop,2.22666064762606
AMD Ryzen 5 9600X x 1,1,AMD,4,8315,3.9,65,89.6,6,2024,17,279,Desktop,3.3661574881601
AMD Ryzen 5 PRO 4650G x 1,1,AMD,7,9800,3.7,65,51.2,6,2020,13,209,Desktop,0.154515381516076
AMD Ryzen 5 PRO 6650U x 1,1,AMD,6,,2.9,15,76.8,6,2022,15,,Mobile,-1.0220059914737
AMD Ryzen 7 1700 Eight-Core x 1,1,AMD,14,4800,3,65,42.7,8,2017,10,329,Desktop,-1.21079966126512
AMD Ryzen 7 1700X Eight-Core x 1,1,AMD,14,4800,3.4,95,42.7,8,2017,10,399,Desktop,-2.71262332141606
AMD Ryzen 7 1800X Eight-Core x 1,1,AMD,14,4800,3.6,95,42.7,8,2017,10,499,Desktop,-2.36600447239538
AMD Ryzen 7 2700 Eight-Core x 1,1,AMD,12,4800,3.2,65,46.9,8,2018,11,299,Desktop,-2.31736994527461
AMD Ryzen 7 2700X Eight-Core x 1,1,AMD,12,4800,3.7,105,46.9,8,2018,11,329,Desktop,-1.63013481813711
AMD Ryzen 7 3700X x 1,1,AMD,7,3800,3.6,65,51.2,8,2019,12,329,Desktop,-0.131678116613717
AMD Ryzen 7 3800X x 1,1,AMD,7,3800,3.9,105,51.2,8,2019,12,399,Desktop,-0.0940933792426689
AMD Ryzen 7 3800XT x 1,1,AMD,7,3800,3.8,105,51.2,8,2020,13,399,Desktop,0.4376395132181
AMD Ryzen 7 4700U x 1,1,AMD,7,9800,,15,51.2,8,2020,13,,Mobile,-1.21272116510535
AMD Ryzen 7 4800U x 1,1,AMD,7,9800,,15,51.2,8,2020,13,,Mobile,-4.62265620846361
AMD Ryzen 7 5700G x 1,1,AMD,7,10700,3.8,65,51.2,8,2021,14,359,Desktop,1.33013587784407
AMD Ryzen 7 5700X x 1,1,AMD,7,4150,3.4,65,51.2,8,2022,15,299,Desktop,-0.887618302173746
AMD Ryzen 7 5800H x 1,1,AMD,7,10700,3.2,45,68.3,8,2021,14,,Mobile,0.0492086702473866
AMD Ryzen 7 5800U x 1,1,AMD,7,10700,,15,51.2,8,2021,14,,Mobile,2.19384869819543
AMD Ryzen 7 5800X x 1,1,AMD,7,4150,3.8,105,51.2,8,2020,13,449,Desktop,1.53331712433405
AMD Ryzen 7 5800X3D x 1,1,AMD,7,8850,3.4,105,51.2,8,2022,15,449,Desktop,1.8858412598036
AMD Ryzen 7 7700 x 1,1,AMD,5,6570,3.8,65,83.2,8,2023,16,329,Desktop,2.70001367518747
AMD Ryzen 7 7700X x 1,1,AMD,5,6570,4.5,105,83.2,8,2022,15,399,Desktop,3.19201265762222
AMD Ryzen 7 7735HS x 1,1,AMD,6,,3.2,35,76.8,8,2023,16,,Mobile,-0.00427928242448526
AMD Ryzen 7 7800X3D x 1,1,AMD,5,11270,4.2,120,83.2,8,2023,16,449,Desktop,2.87311232708672
AMD Ryzen 7 7840HS x 1,1,AMD,4,25000,3.8,35,89.6,8,2023,16,,Mobile,2.079752327411
AMD Ryzen 7 7840U x 1,1,AMD,4,25000,3.3,28,89.6,8,2023,16,,Mobile,2.86425626015987
AMD Ryzen 7 8700G x 1,1,AMD,4,25000,4.2,65,83.2,8,2024,17,329,Desktop,3.10519871019348
AMD Ryzen 7 8845HS x 1,1,AMD,4,25000,3.8,45,89.6,8,2023,16,,Mobile,2.64598690704906
AMD Ryzen 7 9700X x 1,1,AMD,4,8315,3.8,65,89.6,8,2024,17,359,Desktop,3.87847150827504
AMD Ryzen 7 9800X3D x 1,1,AMD,4,8315,4.7,120,89.6,8,2024,17,479,Desktop,4.07351481869203
AMD Ryzen 7 PRO 3700 x 1,1,AMD,7,3800,3.6,65,51.2,8,2019,12,329,Desktop,-1.45464713645878
AMD Ryzen 7 PRO 3700U x 1,1,AMD,12,4940,2.3,15,,4,2019,12,,Mobile,-2.01004014222669
AMD Ryzen 7 PRO 4750G x 1,1,AMD,7,9800,3.6,65,51.2,8,2020,13,209,Desktop,-0.35834974622348
AMD Ryzen 7 PRO 5850U x 1,1,AMD,7,10700,,15,51.2,8,2021,14,,Mobile,0.195426656991557
AMD Ryzen 7 PRO 6850U x 1,1,AMD,6,,2.7,15,76.8,8,2022,15,,Mobile,0.804166111851979
AMD Ryzen 7 PRO 7840U x 1,1,AMD,4,25000,3.3,28,89.6,8,2024,17,,Mobile,3.75254128102203
AMD Ryzen 9 3900X x 1,1,AMD,7,7600,3.8,105,51.2,12,2019,12,499,Desktop,1.18272594677235
AMD Ryzen 9 3900XT x 1,1,AMD,7,7600,3.9,105,51.2,12,2020,13,499,Desktop,1.33093668019734
AMD Ryzen 9 3950X x 1,1,AMD,7,7600,3.5,105,51.2,16,2019,12,749,Desktop,1.02919159695496
AMD Ryzen 9 5900HX x 1,1,AMD,7,10700,3.3,45,68.3,8,2021,14,,Mobile,0.526229859120916
AMD Ryzen 9 5900X x 1,1,AMD,7,8300,3.7,105,51.2,12,2020,13,549,Desktop,2.03675106863341
AMD Ryzen 9 5950X x 1,1,AMD,7,8300,3.4,105,51.2,16,2020,13,799,Desktop,2.81665196078381
AMD Ryzen 9 6900HX x 1,1,AMD,6,,3.3,45,76.8,8,2022,15,,Mobile,1.33117139683135
AMD Ryzen 9 7900 x 1,1,AMD,5,13140,3.7,65,83.2,12,2023,16,429,Desktop,3.03553314295534
AMD Ryzen 9 7900X x 1,1,AMD,5,13140,4.7,170,83.2,12,2022,15,549,Desktop,3.46259528289445
AMD Ryzen 9 7900X3D x 1,1,AMD,5,17840,4.4,120,83.2,12,2023,16,599,Desktop,3.37205217651531
AMD Ryzen 9 7950X x 1,1,AMD,5,13140,4.5,170,83.2,16,2022,15,699,Desktop,4.27753605888467
AMD Ryzen 9 7950X3D x 1,1,AMD,5,17840,4.2,120,83.2,16,2023,16,699,Desktop,4.16560500458139
AMD Ryzen 9 9900X x 1,1,AMD,4,16630,4.4,120,89.6,12,2024,17,499,Desktop,4.72987471564709
AMD Ryzen 9 9900X3D x 1,1,AMD,4,16630,4.4,120,89.6,12,2025,18,599,Desktop,5.46342744971686
AMD Ryzen 9 9950X x 1,1,AMD,4,16630,4.3,170,89.6,16,2024,17,649,Desktop,4.79627808652253
AMD Ryzen 9 9950X3D x 1,1,AMD,4,16630,4.3,170,89.6,16,2025,18,699,Desktop,4.97268408905983
AMD Ryzen 9 PRO 3900 x 1,1,AMD,6,,3.3,45,76.8,8,2022,15,,Mobile,-1.01974527355082
AMD Ryzen AI 5 340 x 1,1,AMD,4,,,28,89.6,6,2025,18,,Mobile,2.07324133122128
AMD Ryzen AI 7 PRO 360 x 1,1,AMD,4,,,28,89.6,8,2025,18,,Mobile,0.278263430479102
AMD Ryzen AI 9 365 x 1,1,AMD,4,,,28,89.6,10,2024,17,,Mobile,1.57527264923934
AMD Ryzen AI 9 HX 370 x 1,1,AMD,4,,,28,89.6,12,2024,17,,Mobile,1.92490400572603
AMD Ryzen AI MAX+ PRO 395 x 1,1,AMD,4,,3,55,256,16,2025,18,,Mobile,4.9977014076472
AMD Ryzen Threadripper 1900X x 1,1,AMD,14,9600,3.8,180,85.3,8,2017,10,549,Desktop,-1.90306934433914
AMD Ryzen Threadripper 1950X x 1,1,AMD,14,9600,3.4,180,85.3,16,2017,10,999,Desktop,-0.585173165074322
AMD Ryzen Threadripper 2920X x 1,1,AMD,12,9600,3.5,180,93.9,12,2018,11,649,Desktop,-0.349278198245118
AMD Ryzen Threadripper 2950X x 1,1,AMD,12,9600,3.5,180,93.9,16,2018,11,899,Desktop,0.0133768503362866
AMD Ryzen Threadripper 2970WX x 1,1,AMD,12,19200,3,250,93.9,24,2018,11,1299,Desktop,0.279671025616922
AMD Ryzen Threadripper 2990WX x 1,1,AMD,12,19200,3,250,93.9,32,2018,11,1799,Desktop,1.45761903131588
AMD Ryzen Threadripper 3960X x 1,1,AMD,7,15200,3.8,280,102.4,24,2019,12,1399,Desktop,2.73851542401274
AMD Ryzen Threadripper 3970X x 1,1,AMD,7,15200,3.7,280,102.4,32,2019,12,1999,Desktop,4.39710578571369
AMD Ryzen Threadripper 3990X x 1,1,AMD,7,30400,2.9,280,102.4,64,2020,13,3990,Desktop,3.94321372502949
AMD Ryzen Threadripper 7970X x 1,1,AMD,5,26280,4,350,166.4,32,2023,16,2499,Desktop,6.14658640474299
AMD Ryzen Threadripper 7980X x 1,1,AMD,5,52560,3.2,350,166.4,64,2023,16,4999,Desktop,7.52802857957254
AMD Ryzen Threadripper 9970X x 1,1,AMD,4,33260,4,350,204.8,32,2025,18,2499,Desktop,6.67224515130871
AMD Ryzen Threadripper 9980X x 1,1,AMD,4,66520,3.2,350,204.8,64,2025,18,4999,Desktop,8.66785674633218
AMD Ryzen Threadripper PRO 3975WX x 1,1,AMD,7,15200,3.5,280,204.8,32,2020,13,2749,Desktop,2.10280148106192
AMD Ryzen Threadripper PRO 5965WX x 1,1,AMD,7,16600,3.8,280,204.8,24,2022,15,2399,Server/Workstation,4.77925753943095
AMD Ryzen Threadripper PRO 7995WX x 1,1,AMD,5,78840,2.5,350,332.8,96,2023,16,9999,Server/Workstation,7.41348882551633
AMD Ryzen Threadripper PRO 9995WX x 1,1,AMD,4,99780,2.5,350,409.6,96,2025,18,11700,Server/Workstation,7.5902669674226
AMD Ryzen Z1 Extreme x 1,1,AMD,4,25000,3.3,15,89.6,8,2023,16,,Mobile,3.54313657386382
INTEL XEON PLATINUM 8592+ x 1,1,Intel,10,,,350,358.4,64,2023,16,11600,Server/Workstation,7.50334212483266
INTEL XEON PLATINUM 8592+ x 2,2,Intel,10,,,350,358.4,64,2023,16,11600,Server/Workstation,9.21786871469991
Intel Celeron G5900 x 1,1,Intel,14,,3.4,58,42.7,2,2020,13,60,Desktop,-9.00742726905638
Intel Celeron G6900 x 1,1,Intel,10,,3.4,46,,2,2022,15,52,Desktop,-4.27508480592147
Intel Celeron J3455 x 1,1,Intel,32,504,,17,,1,2011,4,,Mobile,-23.116456065718
Intel Celeron N2830 x 1,1,Intel,22,,2.16,7,,2,2014,7,,Mobile,-26.3876990146788
Intel Celeron N3350 x 1,1,Intel,32,504,,17,,1,2011,4,,Mobile,-21.2811717135445
Intel Core 2 Duo E8500 x 1,1,Intel,45,410,3.166,65,,2,2008,1,266,Desktop,-13.2692201301246
Intel Core 2 Duo P7350 x 1,1,Intel,45,420,2.667,65,,2,2008,1,241,Desktop,-23.4306721202487
Intel Core 2 Duo T7100 x 1,1,Intel,65,293,,35,,2,2007,0,,Mobile,-21.4510953284671
Intel Core 2 Duo T7700 x 1,1,Intel,65,293,2.4,35,,2,2007,0,,Mobile,-16.526940835497
Intel Core 2 Duo T9500 x 1,1,Intel,45,410,2.6,35,,2,2008,1,530,Mobile,-10.3931828386644
Intel Core Ultra 5 245K x 1,1,Intel,3,17800,4.2,125,102.4,14,2024,17,319,Desktop,4.3463839735949
Intel Core Ultra 7 155H x 1,1,Intel,7,,3.8,28,89.6,16,2023,16,503,Mobile,1.28930902499154
Intel Core Ultra 7 165U x 1,1,Intel,7,,,15,89.6,12,2023,16,448,Mobile,-0.0481174774861368
Intel Core Ultra 7 256V x 1,1,Intel,3,,2.2,17,,8,2024,17,,Mobile,1.52513713531302
Intel Core Ultra 7 258V x 1,1,Intel,3,,2.2,17,,8,2024,17,,Mobile,2.47417452229548
Intel Core Ultra 9 285K x 1,1,Intel,3,17800,3.7,125,102.4,24,2024,17,589,Desktop,4.83184114904322
Intel Core i3-1005G1 x 1,1,Intel,10,,,15,51.2,2,2019,12,,Mobile,-7.67902887532011
Intel Core i3-10100 x 1,1,Intel,14,,3.6,65,42.7,4,2020,13,122,Desktop,-2.10762156546586
Intel Core i3-12100 x 1,1,Intel,10,,3.3,60,,4,2022,15,122,Desktop,-2.39047605875076
Intel Core i3-14100 x 1,1,Intel,10,,3.5,60,,4,2024,17,134,Desktop,1.41933651244821
Intel Core i3-2120 x 1,1,Intel,32,504,3.3,65,21.3,2,2011,4,138,Desktop,-9.81567206898896
Intel Core i3-3110M x 1,1,Intel,22,,2.4,35,,2,2012,5,,Mobile,-15.2643731548399
Intel Core i3-4130 x 1,1,Intel,22,1400,3.4,54,,2,2013,6,130,Desktop,-9.30999188719338
Intel Core i3-7020U x 1,1,Intel,14,1300,2.2,15,25.6,2,2015,8,281,Mobile,-8.66990677108459
Intel Core i3-7100 x 1,1,Intel,14,,3.9,51,38.4,2,2017,10,117,Desktop,-6.23640841745837
Intel Core i3-8100 x 1,1,Intel,14,,3.6,65,38.4,4,2017,10,117,Desktop,-4.73985953814814
Intel Core i3-8100T x 1,1,Intel,14,,3.1,35,38.4,4,2018,11,117,Desktop,-6.25297230512186
Intel Core i5 460M x 1,1,Intel,32,382,2.534,35,,2,2010,3,,Mobile,-32.3258695264825
Intel Core i5 x 1,1,Intel,14,,2.4,45,46.9,4,2020,13,,Mobile,-11.5082510369149
Intel Core i5-10210U x 1,1,Intel,14,,,25,,4,2019,12,,Mobile,-3.37827022999014
Intel Core i5-1035G1 x 1,1,Intel,10,,,15,51.2,4,2019,12,,Mobile,-2.56397575061027
Intel Core i5-10600K x 1,1,Intel,14,,4.1,125,42.7,6,2020,13,288,Desktop,-0.414252308072387
Intel Core i5-1135G7 x 1,1,Intel,10,,,15,,4,2020,13,309,Mobile,-4.5616546400526
Intel Core i5-11600K x 1,1,Intel,14,,3.9,125,51.2,6,2021,14,262,Desktop,1.16828025366514
Intel Core i5-12400 x 1,1,Intel,10,,2.5,65,,6,2022,15,199,Desktop,1.55934904068667
Intel Core i5-12600 x 1,1,Intel,10,,3.3,65,,6,2022,15,233,Desktop,10.2837520132911
Intel Core i5-12600K x 1,1,Intel,10,,3.7,125,,10,2021,14,289,Desktop,1.94198466725576
Intel Core i5-1334U x 1,1,Intel,10,,,15,,10,2023,16,340,Mobile,-1.92257692266292
Intel Core i5-13400 x 1,1,Intel,10,,2.5,65,,10,2023,16,221,Desktop,1.62198221193857
Intel Core i5-13600K x 1,1,Intel,10,,3.5,125,,14,2022,15,319,Desktop,3.30520051108584
Intel Core i5-14400F x 1,1,Intel,10,,2.5,65,,10,2024,17,196,Desktop,2.48591629434375
Intel Core i5-14500 x 1,1,Intel,10,,2.6,65,,14,2024,17,232,Desktop,2.6227799023022
Intel Core i5-14600K x 1,1,Intel,10,,3.5,125,,14,2023,16,319,Desktop,3.37138109239229
Intel Core i5-2400 x 1,1,Intel,32,1160,3.1,95,,4,2011,4,184,Desktop,-6.13620117351771
Intel Core i5-2410M x 1,1,Intel,32,624,2.3,35,,2,2011,4,,Mobile,-12.7216217896084
Intel Core i5-2500S x 1,1,Intel,32,1160,2.7,65,,4,2011,4,,Desktop,-7.62624449829631
Intel Core i5-2520M x 1,1,Intel,32,624,2.5,35,,2,2011,4,,Mobile,-13.3599644850685
Intel Core i5-3320M x 1,1,Intel,22,,2.6,35,,2,2012,5,,Mobile,-7.55543558022162
Intel Core i5-3427U x 1,1,Intel,22,,,17,,2,2012,5,,Mobile,-10.3241417976309
Intel Core i5-3470 x 1,1,Intel,22,1400,3.2,77,25.6,4,2012,5,184,Desktop,-6.23530728074557
Intel Core i5-3550 x 1,1,Intel,22,1400,3.3,77,25.6,4,2012,5,194,Desktop,-6.28099282506115
Intel Core i5-3570K x 1,1,Intel,22,1400,3.4,77,25.6,4,2012,5,212,Desktop,-6.62795941584783
Intel Core i5-4210U x 1,1,Intel,22,1400,,15,,2,2014,7,,Mobile,-8.86955554606281
Intel Core i5-4278U x 1,1,Intel,22,1400,2.4,28,,2,2013,6,,Mobile,-11.3125529966254
Intel Core i5-4300M x 1,1,Intel,22,1400,2.6,37,,2,2013,6,,Mobile,-7.19016422295983
Intel Core i5-4430 x 1,1,Intel,22,1400,3,84,,4,2013,6,187,Desktop,-7.30029350842162
Intel Core i5-4460 x 1,1,Intel,22,1400,3.2,84,25.6,4,2014,7,187,Desktop,-5.95276339112211
Intel Core i5-4670 x 1,1,Intel,22,1400,3.4,84,,4,2013,6,224,Desktop,-5.09101459340291
Intel Core i5-5200U x 1,1,Intel,14,1300,2.2,15,25.6,2,2015,8,281,Mobile,-5.50514019471846
Intel Core i5-5300U x 1,1,Intel,14,1300,2.3,15,25.6,2,2015,8,315,Mobile,-9.23204663136287
Intel Core i5-6200U x 1,1,Intel,22,1400,,15,,2,2013,6,,Mobile,-7.82932756149682
Intel Core i5-6260U x 1,1,Intel,10,,3.3,65,,6,2022,15,233,Desktop,-4.7550443680382
Intel Core i5-6300U x 1,1,Intel,14,1300,2.3,15,25.6,2,2015,8,315,Mobile,-7.63584245303028
Intel Core i5-6500 x 1,1,Intel,14,,3.2,65,34.1,4,2015,8,202,Desktop,-3.69420723554008
Intel Core i5-6500T x 1,1,Intel,14,,2.5,35,34.1,4,2015,8,192,Desktop,-6.8551959699975
Intel Core i5-7200U x 1,1,Intel,22,1400,,15,,2,2013,6,,Mobile,-7.60241913633853
Intel Core i5-7600K x 1,1,Intel,14,,3.8,91,38.4,4,2017,10,242,Desktop,-4.75493753811318
Intel Core i5-8250U x 1,1,Intel,14,,,15,,4,2017,10,,Mobile,-5.31940201289769
Intel Core i5-8300H x 1,1,Intel,14,,2.3,45,,4,2018,11,,Mobile,-2.56397575061113
Intel Core i5-8400 x 1,1,Intel,14,,2.8,65,42.7,6,2017,10,182,Desktop,-1.81271940179281
Intel Core i5-8400H x 1,1,Intel,14,,2.5,45,,4,2018,11,,Mobile,-4.32557255882517
Intel Core i5-8600K x 1,1,Intel,14,,3.6,95,42.7,6,2017,10,257,Desktop,-4.09337990176461
Intel Core i5-9400F x 1,1,Intel,14,,2.9,65,42.7,6,2019,12,182,Desktop,-2.28042030739731
Intel Core i7 920 x 1,1,Intel,45,731,2.666,130,,4,2008,1,280,Desktop,-13.8793761676391
Intel Core i7 990X x 1,1,Intel,32,1170,3.466,130,,6,2011,4,1000,Desktop,-5.66586854178288
Intel Core i7-1065G7 x 1,1,Intel,10,,,15,51.2,4,2019,12,,Mobile,-3.20938535634649
Intel Core i7-10700T x 1,1,Intel,14,,2.9,65,46.9,8,2020,13,325,Desktop,-1.7782909123059
Intel Core i7-1165G7 x 1,1,Intel,10,,2.8,28,,4,2020,13,426,Mobile,-1.24595222228352
Intel Core i7-11700B x 1,1,Intel,10,,3.2,65,51.2,8,2021,14,,Mobile,0.0296146824402069
Intel Core i7-11700K x 1,1,Intel,14,,3.6,125,51.2,8,2021,14,399,Desktop,1.57375923391798
Intel Core i7-1185G7 x 1,1,Intel,10,,3,28,,4,2020,13,426,Mobile,-0.97223414915583
Intel Core i7-1185G7E x 1,1,Intel,10,,,15,,4,2020,13,431,Mobile,-1.27724548402132
Intel Core i7-12700K x 1,1,Intel,10,,3.6,125,,12,2021,14,409,Desktop,1.90325977803638
Intel Core i7-12700KF x 1,1,Intel,10,,3.6,125,,12,2021,14,384,Desktop,4.90423473686092
Intel Core i7-1280P x 1,1,Intel,10,,,28,,14,2022,15,,Mobile,0.216567995518461
Intel Core i7-2600 x 1,1,Intel,32,1160,3.4,95,,4,2011,4,294,Desktop,-10.3150383913314
Intel Core i7-2700K x 1,1,Intel,32,1160,3.5,95,21.3,4,2011,4,332,Desktop,-6.83999103351546
Intel Core i7-3517U x 1,1,Intel,22,,,17,,2,2012,5,,Mobile,-11.3206292198842
Intel Core i7-3630QM x 1,1,Intel,22,1480,2.4,45,25.6,4,2012,5,378,Mobile,-13.420178599239
Intel Core i7-3632QM x 1,1,Intel,22,1480,2.2,35,,4,2012,5,,Mobile,-5.55610823844602
Intel Core i7-3770 x 1,1,Intel,22,1400,3.4,77,25.6,4,2012,5,278,Desktop,-9.90932018914082
Intel Core i7-3770K x 1,1,Intel,22,1400,3.5,77,25.6,4,2012,5,313,Desktop,-8.00628593631798
Intel Core i7-4558U x 1,1,Intel,22,1300,2.8,28,,2,2013,6,,Mobile,-8.78809938839758
Intel Core i7-4600U x 1,1,Intel,22,1300,2.1,15,,2,2013,6,,Mobile,-8.90002766345769
Intel Core i7-4770K x 1,1,Intel,22,1400,3.5,84,25.6,4,2013,6,350,Desktop,-4.86877071227113
Intel Core i7-4790 x 1,1,Intel,22,1400,3.6,84,25.6,4,2014,7,312,Desktop,-4.39621882726081
Intel Core i7-4790K x 1,1,Intel,22,1400,4,88,25.6,4,2014,7,350,Desktop,-3.5903289973235
Intel Core i7-4960X x 1,1,Intel,22,1860,3.6,130,,6,2013,6,1000,Desktop,-5.09728688470659
Intel Core i7-5500U x 1,1,Intel,14,1300,2.4,15,25.6,2,2015,8,393,Mobile,-8.89849535391228
Intel Core i7-5557U x 1,1,Intel,14,1900,3.1,28,29.9,2,2015,8,426,Mobile,-7.07893812357159
Intel Core i7-5600U x 1,1,Intel,14,1300,2.6,15,25.6,2,2015,8,393,Mobile,-6.96660563631961
Intel Core i7-5820K x 1,1,Intel,22,2600,3.3,140,68.3,6,2014,7,389,Desktop,-6.97882608829053
Intel Core i7-5960X x 1,1,Intel,22,2600,3,140,68.3,8,2014,7,1000,Desktop,-0.824003923243419
Intel Core i7-6500U x 1,1,Intel,22,1300,,15,,2,2013,6,,Mobile,-7.977491688005
Intel Core i7-6700 x 1,1,Intel,14,,3.4,65,34.1,4,2015,8,303,Desktop,-2.21061250680467
Intel Core i7-6700HQ x 1,1,Intel,22,1400,2.4,47,25.6,4,2013,6,,Mobile,-5.61536437476763
Intel Core i7-6700K x 1,1,Intel,14,,4,91,34.1,4,2015,8,339,Desktop,-4.47492200704161
Intel Core i7-6800K x 1,1,Intel,14,3400,3.4,140,76.8,6,2016,9,434,Desktop,-1.50342791069912
Intel Core i7-7700 x 1,1,Intel,14,,3.6,65,38.4,4,2017,10,312,Desktop,-6.76405647051398
Intel Core i7-7700K x 1,1,Intel,14,,4.2,91,38.4,4,2017,10,340,Desktop,-2.19758652712267
Intel Core i7-7740K x 1,1,Intel,14,,4.3,112,,4,2017,10,350,Desktop,-1.42530554240202
Intel Core i7-7900X x 1,1,Intel,14,,3.5,140,76.8,6,2017,10,383,Desktop,1.70486165840692
Intel Core i7-8086K x 1,1,Intel,14,,4,95,42.7,6,2018,11,425,Desktop,-1.0436750667569
Intel Core i7-8550U x 1,1,Intel,14,,,15,,4,2017,10,,Mobile,-3.77441771102118
Intel Core i7-8559U x 1,1,Intel,14,,2.7,28,,4,2018,11,,Mobile,-5.37948080172104
Intel Core i7-8565U x 1,1,Intel,14,,,15,38.4,4,2018,11,409,Mobile,-3.58675258226189
Intel Core i7-8700 x 1,1,Intel,14,,3.2,65,42.7,6,2017,10,303,Desktop,-2.1616364733776
Intel Core i7-8700B x 1,1,Intel,14,,3.2,65,42.7,6,2018,11,303,Desktop,-1.88686213875152
Intel Core i7-8700K x 1,1,Intel,14,,3.7,95,42.7,6,2017,10,359,Desktop,-1.07226664234978
Intel Core i7-8809G x 1,1,Intel,14,,3.1,65,,4,2018,11,,Mobile,-2.1750355666834
Intel Core i7-9700TE x 1,1,Intel,14,,,35,42.7,8,2019,12,323,Desktop,-5.21505020657375
Intel Core i7-9750H x 1,1,Intel,14,,2.6,45,42.7,6,2019,12,,Mobile,-2.65556593790909
Intel Core i7-9850H x 1,1,Intel,14,,2.6,45,42.7,6,2019,12,,Mobile,-5.51489432687258
Intel Core i9-10850K x 1,1,Intel,14,,3.6,125,46.9,10,2020,13,500,Desktop,1.88072585277912
Intel Core i9-10885H x 1,1,Intel,14,,2.4,45,46.9,8,2020,13,556,Mobile,-1.64839993674359
Intel Core i9-10900K x 1,1,Intel,14,,3.7,125,46.9,10,2020,13,547,Desktop,1.44126971336817
Intel Core i9-10900KF x 1,1,Intel,14,,3.7,125,46.9,10,2020,13,509,Desktop,4.42001156636675
Intel Core i9-10980XE x 1,1,Intel,14,,3,165,93.9,18,2019,12,1076,Desktop,2.33379616705598
Intel Core i9-11900K x 1,1,Intel,14,,3.5,125,51.2,8,2021,14,539,Desktop,2.3589672495198
Intel Core i9-11980HK x 1,1,Intel,10,,2.6,45,51.2,8,2021,14,583,Mobile,-1.15276783707688
Intel Core i9-12900H x 1,1,Intel,10,,2.5,45,,14,2022,15,,Mobile,-0.775384263418613
Intel Core i9-12900K x 1,1,Intel,10,,3.2,125,,16,2021,14,599,Desktop,3.16384402833896
Intel Core i9-13900K x 1,1,Intel,10,,3,125,,24,2022,15,589,Desktop,4.56425576127039
Intel Core i9-14900K x 1,1,Intel,10,,3.2,125,,24,2023,16,589,Desktop,4.53701257530323
Intel Core i9-7960X x 1,1,Intel,14,,2.8,165,85.3,16,2017,10,1699,Desktop,1.00288562483864
Intel Core i9-7980XE x 1,1,Intel,14,,2.6,165,85.3,18,2017,10,1999,Desktop,1.74691092022489
Intel Core i9-9900 x 1,1,Intel,14,,3.1,65,42.7,8,2019,12,423,Desktop,1.08357585681018
Intel Core i9-9900K x 1,1,Intel,14,,3.6,95,42.7,8,2018,11,488,Desktop,0.175818918832565
Intel Core i9-9900KS x 1,1,Intel,14,,4,127,42.7,8,2019,12,513,Desktop,-0.0804545820273021
Intel Core m3-6Y30 x 1,1,Intel,14,,,5,29.9,2,2015,8,281,Mobile,-15.2170904946753
Intel Core m3-7Y30 x 1,1,Intel,14,,,5,29.9,2,2015,8,281,Mobile,-9.77806019258006
Intel N150 x 1,1,Intel,10,,,6,38.4,4,2024,17,,Mobile,-0.00147511359442853
Intel Pentium G4400 x 1,1,Intel,14,1400,3.3,51,34.1,2,2015,8,64,Desktop,-4.39838485353994
Intel Pentium Gold G6400 x 1,1,Intel,14,,4,58,42.7,2,2020,13,64,Desktop,-6.47872016481099
Intel Xeon 6369P x 1,1,Intel,10,,3.3,95,,8,2025,18,606,Server/Workstation,4.42328642689668
Intel Xeon 6728P x 4,4,Intel,5,,2.7,210,409.6,24,2025,18,2478,Server/Workstation,9.91047728643973
Intel Xeon 6766E x 1,1,Intel,5,,,250,409.6,144,2024,17,10257,Server/Workstation,8.02228164453752
Intel Xeon 6766E x 2,2,Intel,5,,,250,409.6,144,2024,17,10257,Server/Workstation,9.38685278592953
Intel Xeon 6780E x 1,1,Intel,5,,2.2,330,409.6,144,2024,17,11350,Server/Workstation,8.06121647161078
Intel Xeon 6980P x 1,1,Intel,5,,,500,614.4,128,2024,17,12460,Server/Workstation,9.26179385881352
Intel Xeon 6980P x 2,2,Intel,5,,,500,614.4,128,2024,17,12460,Server/Workstation,10.6922657087745
Intel Xeon E E-2488 x 1,1,Intel,10,,3.2,95,76.8,8,2023,16,606,Server/Workstation,3.27163604252545
Intel Xeon E-2278G x 1,1,Intel,14,,3.4,95,42.7,8,2019,12,494,Server/Workstation,-1.15372436201594
Intel Xeon E-2278GEL x 1,1,Intel,14,,,35,42.7,8,2019,12,519,Server/Workstation,-1.78198242668524
Intel Xeon E-2288G x 1,1,Intel,14,,3.7,95,42.7,8,2019,12,539,Server/Workstation,-0.574170613415275
Intel Xeon E-2336 x 1,1,Intel,14,,2.9,65,51.2,6,2021,14,284,Server/Workstation,-0.0214775822655639
Intel Xeon E-2388G x 1,1,Intel,14,,3.2,95,51.2,8,2021,14,539,Server/Workstation,-0.0819118374983823
Intel Xeon E3-1231 v3 x 1,1,Intel,22,1400,3.4,80,25.6,4,2014,7,250,Server/Workstation,-4.24407162344889
Intel Xeon E3-1235L v5 x 1,1,Intel,14,1750,,25,34.1,4,2015,8,250,Server/Workstation,-4.86308536873868
Intel Xeon E3-1240 v5 x 1,1,Intel,14,1750,3.5,80,34.1,4,2015,8,282,Server/Workstation,-3.4827821093093
Intel Xeon E3-1245 v5 x 1,1,Intel,14,1750,3.5,80,34.1,4,2015,8,294,Server/Workstation,-2.97593490660712
Intel Xeon E3-1260L v5 x 1,1,Intel,14,1750,2.9,45,34.1,4,2015,8,294,Server/Workstation,-3.77687248988355
Intel Xeon E3-1270 v5 x 1,1,Intel,14,1750,3.6,80,34.1,4,2015,8,339,Server/Workstation,-3.55139575193602
Intel Xeon E3-1275 v6 x 1,1,Intel,14,1400,4.1,79,,4,2017,10,340,Server/Workstation,-2.17953712658768
Intel Xeon E3-1280 v5 x 1,1,Intel,14,1750,3.7,80,,4,2015,8,612,Server/Workstation,-3.31712275258501
Intel Xeon E5-1680 v3 x 1,1,Intel,22,2600,3.2,140,68.3,8,2014,7,,Server/Workstation,-2.3432994879721
Intel Xeon E5-2609 v4 x 1,1,Intel,32,1270,2.4,80,,4,2012,5,306,Server/Workstation,-5.2453882630944
Intel Xeon E5-2620 v2 x 2,2,Intel,22,1400,2.1,80,,6,2013,6,320,Server/Workstation,-1.76191885852171
Intel Xeon E5-2643 v3 x 2,2,Intel,22,2600,3.4,135,68.3,6,2014,7,1552,Server/Workstation,-0.0623061504841131
Intel Xeon E5-2650 0 x 2,2,Intel,32,2270,,95,,8,2012,5,1107,Server/Workstation,-2.74243096726116
Intel Xeon E5-2670 0 x 2,2,Intel,32,2270,2.6,115,,8,2012,5,,Server/Workstation,2.30817443418884
Intel Xeon E5-2678 v3 x 2,2,Intel,22,2600,2.5,120,68.3,12,2015,8,,Server/Workstation,-6.77911085066223
Intel Xeon E5-2680 v2 x 2,2,Intel,22,1400,2.8,115,,10,2013,6,,Server/Workstation,-1.7024470976403
Intel Xeon E5-2683 v4 x 2,2,Intel,22,2600,,120,68.3,14,2014,7,1846,Server/Workstation,1.93121039594072
Intel Xeon E5-2687W 0 x 2,2,Intel,32,2270,3.1,150,,8,2012,5,,Server/Workstation,1.3118843791063
Intel Xeon E5-2687W v3 x 1,1,Intel,22,2600,3.1,160,68.3,10,2014,7,2141,Server/Workstation,-2.80924211645952
Intel Xeon E5-2690 v4 x 2,2,Intel,14,3400,2.2,105,68.3,12,2016,9,1166,Server/Workstation,4.07738796048658
Intel Xeon E5-2696 v4 x 2,2,Intel,22,5690,2.3,145,68.3,18,2014,7,,Server/Workstation,4.25652254528172
Intel Xeon E5-2699 v4 x 2,2,Intel,14,7200,2.4,145,76.8,22,2016,9,4938,Desktop,3.64966120271464
Intel Xeon E5-4620 v4 x 4,4,Intel,14,3400,3.5,140,76.8,4,2016,9,294,Desktop,1.43733512902845
Intel Xeon Gold 5215 x 1,1,Intel,10,,2.9,150,281.6,8,2023,16,1076,Server/Workstation,-3.32588472422387
Intel Xeon Gold 5217 x 1,1,Intel,10,,3,150,187.7,12,2021,14,,Server/Workstation,-2.7096420734322
Intel Xeon Gold 5218 x 1,1,Intel,14,,2.5,150,128,18,2021,14,,Server/Workstation,-0.825405607988233
Intel Xeon Gold 5218 x 2,2,Intel,14,,2.5,150,128,18,2021,14,,Server/Workstation,-1.19624340199846
Intel Xeon Gold 5220R x 1,1,Intel,10,,2.2,185,191.6,26,2021,14,,Server/Workstation,-0.513680100957303
Intel Xeon Gold 5220R x 2,2,Intel,10,,2.2,185,191.6,26,2021,14,,Server/Workstation,2.41460397989685
Intel Xeon Gold 5412U x 1,1,Intel,10,,2.1,185,281.6,24,2023,16,1113,Server/Workstation,3.26432135873436
Intel Xeon Gold 5416S x 1,1,Intel,10,,,150,281.6,16,2023,16,944,Server/Workstation,2.98773818317058
Intel Xeon Gold 6130 x 2,2,Intel,10,,,205,204.8,28,2021,14,,Server/Workstation,-7.35507771656302
Intel Xeon Gold 6138 x 2,2,Intel,10,,2.2,185,170.7,32,2021,14,,Server/Workstation,1.37031366077022
Intel Xeon Gold 6140 x 2,2,Intel,14,8000,3,200,,18,2017,10,,Server/Workstation,3.17567667764228
Intel Xeon Gold 6142 x 2,2,Intel,10,,2.8,230,204.8,24,2021,14,,Server/Workstation,-7.55077575685
Intel Xeon Gold 6144 x 2,2,Intel,14,8000,3,200,,18,2017,10,,Server/Workstation,3.14891129889488
Intel Xeon Gold 6226R x 1,1,Intel,10,,2.9,185,204.8,16,2021,14,,Server/Workstation,1.55434691992753
Intel Xeon Gold 6226R x 2,2,Intel,10,,2.9,185,204.8,16,2021,14,,Server/Workstation,-3.63711558608139
Intel Xeon Gold 6248R x 2,2,Intel,10,,2.6,235,204.8,28,2021,14,,Server/Workstation,-0.465801055752127
Intel Xeon Gold 6254 x 2,2,Intel,14,8000,3,200,,18,2017,10,,Server/Workstation,-3.99617044714797
Intel Xeon Gold 6254 x 4,4,Intel,14,8000,3,200,,18,2017,10,,Server/Workstation,-5.77575574708518
Intel Xeon Gold 6258R x 1,1,Intel,10,,2.9,185,204.8,16,2021,14,,Server/Workstation,0.799727470890541
Intel Xeon Gold 6338 x 1,1,Intel,10,,2.2,185,170.7,32,2021,14,,Server/Workstation,1.57289382781351
Intel Xeon Gold 6338 x 2,2,Intel,10,,2.2,185,170.7,32,2021,14,,Server/Workstation,4.46569882018946
Intel Xeon Gold 6342 x 1,1,Intel,10,,2.8,230,204.8,24,2021,14,,Server/Workstation,2.9986015541223
Intel Xeon Gold 6342 x 2,2,Intel,10,,2.8,230,204.8,24,2021,14,,Server/Workstation,4.86466049543745
Intel Xeon Gold 6346 x 1,1,Intel,10,,3.1,205,204.8,16,2021,14,,Server/Workstation,2.02289956806176
Intel Xeon Gold 6346 x 2,2,Intel,10,,3.1,205,204.8,16,2021,14,,Server/Workstation,4.0206410688362
Intel Xeon Gold 6414U x 1,1,Intel,10,,,250,307.2,32,2023,16,2296,Server/Workstation,5.83783871395752
Intel Xeon Gold 6442Y x 1,1,Intel,10,,2.6,225,307.2,24,2023,16,2065,Server/Workstation,6.36006645517269
Intel Xeon Gold 6442Y x 2,2,Intel,10,,2.6,225,307.2,24,2023,16,2065,Server/Workstation,7.9751698599501
Intel Xeon Gold 6444Y x 2,2,Intel,10,,3.6,270,307.2,16,2023,16,1517,Server/Workstation,7.8018552076237
Intel Xeon L5640 x 2,2,Intel,32,1170,2.266,60,,6,2010,3,,Server/Workstation,-2.09671415686465
Intel Xeon Max 9468 x 1,1,Intel,10,,2.1,350,307.2,48,2023,16,9900,Server/Workstation,5.80109550285856
Intel Xeon Max 9468 x 2,2,Intel,10,,2.1,350,307.2,48,2023,16,9900,Server/Workstation,6.52725722160491
Intel Xeon Max 9480 x 1,1,Intel,10,,,350,307.2,56,2023,16,12980,Server/Workstation,5.71575958229114
Intel Xeon Max 9480 x 2,2,Intel,10,,,350,307.2,56,2023,16,12980,Server/Workstation,8.51084664857851
Intel Xeon Platinum 8253 x 1,1,Intel,14,8000,2.2,125,,16,2018,11,,Server/Workstation,-5.40435347545931
Intel Xeon Platinum 8259L x 2,2,Intel,10,,,350,307.2,56,2023,16,,Server/Workstation,-3.91145244533045
Intel Xeon Platinum 8260 x 2,2,Intel,14,8000,2.4,165,,24,2018,11,,Server/Workstation,3.60255551233411
Intel Xeon Platinum 8272CL x 2,2,Intel,10,,,350,307.2,56,2023,16,,Server/Workstation,-2.87487904165707
Intel Xeon Platinum 8280 x 1,1,Intel,14,8000,2.7,205,,28,2018,11,,Server/Workstation,0.821529976491992
Intel Xeon Platinum 8280 x 2,2,Intel,14,8000,2.7,205,,28,2018,11,,Server/Workstation,3.99525439060648
Intel Xeon Platinum 8362 x 1,1,Intel,10,,2.8,265,204.8,32,2021,14,,Server/Workstation,4.6678738119209
Intel Xeon Platinum 8362 x 2,2,Intel,10,,2.8,265,204.8,32,2021,14,,Server/Workstation,5.54572923602627
Intel Xeon Platinum 8380 x 1,1,Intel,10,,2.3,270,204.8,40,2021,14,,Server/Workstation,4.57661728416774
Intel Xeon Platinum 8380 x 2,2,Intel,10,,2.3,270,204.8,40,2021,14,,Server/Workstation,5.77331327806498
Intel Xeon Platinum 8462Y+ x 1,1,Intel,10,,2.8,300,307.2,32,2023,16,5945,Server/Workstation,6.61776863236896
Intel Xeon Platinum 8462Y+ x 2,2,Intel,10,,2.8,300,307.2,32,2023,16,5945,Server/Workstation,9.05603256356322
Intel Xeon Platinum 8468 x 1,1,Intel,10,,2.1,350,307.2,48,2023,16,7214,Server/Workstation,6.74384324767554
Intel Xeon Platinum 8468 x 2,2,Intel,10,,2.1,350,307.2,48,2023,16,7214,Server/Workstation,9.19456799573581
Intel Xeon Platinum 8471N x 1,1,Intel,10,,,300,307.2,52,2023,16,5171,Server/Workstation,6.8048368643679
Intel Xeon Platinum 8480+ x 1,1,Intel,10,,,350,307.2,56,2023,16,10710,Server/Workstation,6.67460190805905
Intel Xeon Platinum 8490H x 1,1,Intel,10,,,350,307.2,60,2023,16,17000,Server/Workstation,6.64098758808541
Intel Xeon Platinum 8490H x 2,2,Intel,10,,,350,307.2,60,2023,16,17000,Server/Workstation,8.3527662382569
Intel Xeon Platinum x 2,2,Intel,10,,,350,307.2,56,2023,16,,Server/Workstation,8.55696923494635
Intel Xeon Silver 4108 x 1,1,Intel,10,,2.1,120,170.7,12,2021,14,,Server/Workstation,-1.18602560125604
Intel Xeon Silver 4210 x 2,2,Intel,10,,2.1,120,170.7,12,2021,14,,Server/Workstation,0.612022977338817
Intel Xeon Silver 4214 x 2,2,Intel,10,,2.4,135,170.7,16,2021,14,,Server/Workstation,-11.9256706333
Intel Xeon Silver 4214R x 1,1,Intel,10,,2.4,135,170.7,16,2021,14,,Server/Workstation,-1.83568823612058
Intel Xeon Silver 4215R x 1,1,Intel,14,8000,2.1,85,,12,2017,10,,Server/Workstation,-2.36111722699112
Intel Xeon Silver 4216 x 1,1,Intel,14,8000,2.1,85,,12,2017,10,,Server/Workstation,1.12774248993113
Intel Xeon W-1370P x 1,1,Intel,14,,3.6,125,51.2,8,2021,14,428,Server/Workstation,5.41496818356366
Intel Xeon W-2123 x 1,1,Intel,14,,3.6,120,85.3,4,2017,10,294,Server/Workstation,-7.55077575684936
Intel Xeon W-2295 x 1,1,Intel,14,,2.3,140,85.3,18,2017,10,2553,Server/Workstation,-0.840323547522227
Intel Xeon X5675 x 2,2,Intel,32,1170,3.066,95,,6,2011,4,,Server/Workstation,-1.35054300788551
