Model and Mult,Multiplier,Brand,process_size,transistors,frequency,tdp,memory_bandwidth,#_of_cores,year,time,launch_price,market,Generalized Performance,Performance,FinanceBench,amg,numpy,hpcg,stockfish,nqueens,linux_kernel,pybench
AMD A10-7850K APU x 1,1,AMD,28,2411.0,3.7,95,34.1,4.0,2014,7,173.0,Desktop,-8.34180309036602,-2.1455557354293995,,,-1.9081278774028085,,,,,-1.1676839592567916
AMD A10-7870K Radeon R7 12 Compute Cores 4C+8G x 1,1,AMD,28,2411.0,3.9,95,34.1,4.0,2015,8,137.0,Desktop,-8.940791520457907,-2.2711615908495117,,,-1.8560715154467546,,,,,
AMD A6-3410MX APU x 1,1,AMD,32,1178.0,,45,25.6,4.0,2011,4,295.0,Mobile,-16.637069158406806,-3.88504507790945,,,,,,,,-2.172694481090179
AMD Athlon 3000G x 1,1,AMD,14,4950.0,3.5,35,42.7,2.0,2019,12,49.0,Desktop,-3.9136307699940622,-1.2169829211554086,,,-1.2499357118764394,,,,,-0.9373441410719874
AMD EPYC 4124P x 1,1,AMD,5,6570.0,3.8,65,83.2,4.0,2024,17,149.0,Server/Workstation,2.424266181170657,0.11205271312795306,-0.38769609566368146,,-0.23224486556055535,,-0.8037861369764485,,,0.02331944234514438
AMD EPYC 4244P x 1,1,AMD,5,6570.0,3.8,65,83.2,6.0,2024,17,229.0,Server/Workstation,2.8172379297752697,0.19445756464044017,,,-0.13175332701423237,,-0.35648228661866455,,,
AMD EPYC 4245P x 1,1,AMD,4,8315.0,3.9,65,89.6,6.0,2025,18,239.0,Server/Workstation,8.798894481080612,1.4487907874720887,,,0.18928105069779377,,,,,
AMD EPYC 4344P x 1,1,AMD,5,6570.0,3.8,65,83.2,8.0,2024,17,329.0,Server/Workstation,3.31301748452363,0.29842086667687073,,,-0.09372593142499319,,-0.08281713146635283,,,
AMD EPYC 4345P x 1,1,AMD,4,8315.0,3.8,65,89.6,8.0,2025,18,329.0,Server/Workstation,8.999764223237019,1.4909124955453188,,,0.21244095570089083,,,,,
AMD EPYC 4364P x 1,1,AMD,5,6570.0,4.5,105,83.2,8.0,2024,17,399.0,Server/Workstation,3.88614670621403,0.41860413323118895,-0.026975991560970414,,-0.07158480554778013,,-0.030584046834103873,,,0.06595796779179786
AMD EPYC 4464P x 1,1,AMD,5,13140.0,3.7,65,83.2,12.0,2024,17,429.0,Server/Workstation,3.8009080161782407,0.400729867153641,-0.05026583122896966,,-0.08752628354546843,,0.22681538330849094,,,
AMD EPYC 4465P x 1,1,AMD,4,16630.0,3.4,65,89.6,12.0,2025,18,399.0,Server/Workstation,8.919973708394394,1.474180693447436,,,0.2032412588024668,,,,,
AMD EPYC 4484PX x 1,1,AMD,5,17840.0,4.4,120,83.2,12.0,2024,17,599.0,Server/Workstation,3.8069441524327834,0.40199562458666493,-0.10878508005669651,,-0.09000153233401065,,0.34340414229613714,,,-0.06520319381076156
AMD EPYC 4545P x 1,1,AMD,4,16630.0,3.0,65,89.6,16.0,2025,18,549.0,Server/Workstation,8.903927139908182,1.4708157821068966,,,0.2013911195143061,,,,,
AMD EPYC 4564P x 1,1,AMD,5,13140.0,4.5,170,83.2,16.0,2024,17,699.0,Server/Workstation,4.235933099899875,0.4919531613359336,-0.04127969917081309,,-0.07891084563985284,,0.6168607173648759,,,0.05465841253786419
AMD EPYC 4565P x 1,1,AMD,4,16630.0,4.3,170,89.6,16.0,2025,18,589.0,Server/Workstation,9.039385890100489,1.4992210255761802,,,0.21700925967127027,,,,,
AMD EPYC 4584PX x 1,1,AMD,5,17840.0,4.2,120,83.2,16.0,2024,17,699.0,Server/Workstation,4.145992718467143,0.4730929664154132,-0.06318338115566036,,-0.08382486044228177,,0.651888155487395,,,-0.01233495815795127
AMD EPYC 4585PX x 1,1,AMD,4,16630.0,4.3,170,89.6,16.0,2025,18,699.0,Server/Workstation,8.770585159862206,1.4428544182045635,,,0.21792042146551616,,,,,0.3213390954552571
AMD EPYC 7232P x 1,1,AMD,7,7600.0,3.1,120,85.3,8.0,2019,12,450.0,Server/Workstation,-1.062474327875687,-0.6191050225891455,-1.0650901905082524,0.18355907057927467,-1.1923382200931032,,,-0.4353180712578455,,-0.7845813865195765
AMD EPYC 7251 x 1,1,AMD,14,4800.0,2.1,120,153.6,8.0,2017,10,574.0,Server/Workstation,-2.6241520494316517,-0.9465835785213158,,,,,,-0.6466271649250523,,-1.0563609831772993
AMD EPYC 7252 x 1,1,AMD,7,7600.0,3.1,120,85.3,8.0,2019,12,475.0,Server/Workstation,-1.6905208440951496,-0.7508042607551741,,,-1.1273333897841074,,,-0.4353180712578455,,
AMD EPYC 7262 x 1,1,AMD,7,15200.0,3.2,155,204.8,8.0,2019,12,575.0,Server/Workstation,-1.4900665034048872,-0.7087696609696448,,,-1.0467529031247675,,,-0.3746934494414105,,-0.7237039010206052
AMD EPYC 7272 x 1,1,AMD,7,7600.0,2.9,120,85.3,12.0,2019,12,625.0,Server/Workstation,-0.7338049889820294,-0.550184169717634,-1.0650685730932619,0.20224877754770887,-1.0997454332652783,,,-0.08701137698962969,,-0.7756418714807678
AMD EPYC 7282 x 1,1,AMD,7,7600.0,2.8,120,85.3,16.0,2019,12,650.0,Server/Workstation,-0.5707335338009345,-0.5159886350568362,-1.0727778979514753,0.1980663297300751,-1.0929657462798996,,,0.2006706954621511,,-0.7805278746863946
AMD EPYC 72F3 x 1,1,AMD,7,33200.0,3.7,180,204.8,8.0,2021,14,2468.0,Server/Workstation,0.3684818822389588,-0.3190383271229247,,,-0.6327224321576805,,,-0.08701137698962969,-0.22338891998186217,-0.4334389601505704
AMD EPYC 72F3 x 2,2,AMD,7,33200.0,3.7,180,204.8,8.0,2021,14,2468.0,Server/Workstation,2.29375858691716,0.08468571037546802,,,-0.560748932532591,,,,,
AMD EPYC 7302 x 1,1,AMD,7,15200.0,3.0,155,204.8,16.0,2019,12,978.0,Server/Workstation,-2.5937478982015674,-0.9402079304591464,,,,,,,,-0.7682678110280534
AMD EPYC 7302P x 1,1,AMD,7,15200.0,3.0,155,204.8,16.0,2019,12,825.0,Server/Workstation,0.05346562553789434,-0.3850961746645024,-1.0381633801976875,0.7447350553938463,-1.08959306180126,,,0.3184537311185349,,
AMD EPYC 7303 x 2,2,AMD,7,8300.0,2.4,130,204.8,16.0,2023,16,604.0,Server/Workstation,3.3791623723811295,0.3122912267767045,,,,,0.6806646072261238,,,
AMD EPYC 7313 x 1,1,AMD,7,16600.0,3.0,155,204.8,16.0,2021,14,1083.0,Server/Workstation,1.040978633842511,-0.1780180243777564,,,,,,,,
AMD EPYC 7313 x 2,2,AMD,7,16600.0,3.0,155,204.8,16.0,2021,14,1083.0,Server/Workstation,0.6538010816691611,-0.25920785242291333,,,-0.6499271576073111,,,,,-0.5866039326530688
AMD EPYC 7313P x 1,1,AMD,7,16600.0,3.0,155,204.8,16.0,2021,14,913.0,Server/Workstation,1.2528251669201291,-0.13359452023608648,,,-0.6807666059903905,,,,,
AMD EPYC 7343 x 1,1,AMD,7,16600.0,3.2,190,204.8,16.0,2021,14,1565.0,Server/Workstation,2.8006444949994935,0.19097797728171695,,0.904271176466775,,,,,,
AMD EPYC 7343 x 2,2,AMD,7,16600.0,3.2,190,204.8,16.0,2021,14,1565.0,Server/Workstation,4.705355309660288,0.5903894169429258,,1.4928883505695936,,,,,,
AMD EPYC 7351P x 1,1,AMD,14,4800.0,2.4,170,170.6,16.0,2017,10,750.0,Server/Workstation,0.10602507457756069,-0.3740746353068484,,,,,,0.09531017980432521,,
AMD EPYC 7352 x 1,1,AMD,7,15200.0,2.3,155,204.8,24.0,2019,12,1350.0,Server/Workstation,-0.4431851587327498,-0.48924217059603353,,,-1.110001933432467,,,0.6061358035703157,,-0.8046060844668599
AMD EPYC 7373X x 1,1,AMD,7,33200.0,3.05,240,204.8,16.0,2022,15,4185.0,Server/Workstation,1.0409776557358354,-0.17801822948343043,,,,,,,,
AMD EPYC 7373X x 2,2,AMD,7,33200.0,3.05,240,204.8,16.0,2022,15,4185.0,Server/Workstation,3.6642255932377856,0.37206802363239666,,1.6156068336335956,-0.6116246031930448,,,,,
AMD EPYC 73F3 x 1,1,AMD,7,33200.0,3.5,240,204.8,16.0,2021,14,3521.0,Server/Workstation,1.0912528026309556,-0.16747570058823183,-0.7478759766498371,,-0.6412877950166038,,,0.6061358035703157,,-0.4207146704861966
AMD EPYC 73F3 x 2,2,AMD,7,33200.0,3.5,240,204.8,16.0,2021,14,3521.0,Server/Workstation,1.5140905138574088,-0.07880805735122698,-0.7852709984834636,,-0.6434406483777044,,,1.2992829841302609,,-0.41838366709972075
AMD EPYC 7402 x 2,2,AMD,7,15200.0,2.8,180,204.8,24.0,2019,12,1783.0,Server/Workstation,-2.552547482212539,-0.931568342056458,,,,,,,,-0.7641474920550326
AMD EPYC 7402P x 1,1,AMD,7,3800.0,2.8,180,204.8,24.0,2019,12,1280.0,Server/Workstation,0.2596116124637279,-0.341868055842123,-1.0246032061765202,0.6800322183111298,-1.0662974991977379,,,0.6061358035703157,,
AMD EPYC 7413 x 1,1,AMD,7,16600.0,2.65,180,204.8,24.0,2021,14,1825.0,Server/Workstation,1.0409780703309133,-0.17801814254423964,,,,,,,,
AMD EPYC 7443 x 1,1,AMD,7,16600.0,2.85,200,204.8,24.0,2021,14,2010.0,Server/Workstation,2.793079098202294,0.18939153906594197,,0.9019332244535576,,,,,,
AMD EPYC 7443 x 2,2,AMD,7,16600.0,2.85,200,204.8,24.0,2021,14,2010.0,Server/Workstation,4.347436604602189,0.5153350705463104,,1.497038385385892,,,,1.7047480922384253,,
AMD EPYC 7452 x 1,1,AMD,7,3800.0,2.2,155,204.8,32.0,2019,12,2025.0,Server/Workstation,0.023789290906558836,-0.3913192020383877,,,-1.0662974991977379,,,0.7884573603642704,,-0.739062564699303
AMD EPYC 7453 x 1,1,AMD,7,16600.0,2.75,225,204.8,28.0,2021,14,1570.0,Server/Workstation,2.384204429894342,0.10365189887864046,,,,,,1.01160091167848,,
AMD EPYC 7453 x 2,2,AMD,7,16600.0,2.75,225,204.8,28.0,2021,14,1570.0,Server/Workstation,4.107580583353656,0.46503807111684725,,,,,,1.7047480922384253,,
AMD EPYC 7473X x 1,1,AMD,7,33200.0,2.8,240,204.8,24.0,2022,15,3900.0,Server/Workstation,1.040978212536392,-0.17801811272422993,,,,,,,,
AMD EPYC 74F3 x 1,1,AMD,7,33200.0,2.8,240,204.8,24.0,2021,14,2900.0,Server/Workstation,1.8315921635297219,-0.01222903127843633,-0.7829376092162299,1.0236504368178068,-0.6477603095222211,,,1.01160091167848,0.639402904553255,
AMD EPYC 74F3 x 2,2,AMD,7,33200.0,2.8,240,204.8,24.0,2021,14,2900.0,Server/Workstation,3.8078979101058454,0.4021956243568944,,1.624216122719929,-0.5828160265612699,,,1.7047480922384253,1.2309174395693878,
AMD EPYC 7502 x 1,1,AMD,7,3800.0,2.5,180,204.8,32.0,2019,12,2600.0,Server/Workstation,-0.046973111420937186,-0.40615783936325855,,,-1.0795427259477588,,,0.7884573603642704,,-0.7616671269967012
AMD EPYC 7502 x 2,2,AMD,7,3800.0,2.5,180,204.8,32.0,2019,12,2600.0,Server/Workstation,-2.8213846807097984,-0.9879425966990973,,,,,,,,-0.7910330218010655
AMD EPYC 7502P x 1,1,AMD,7,3800.0,2.5,180,204.8,32.0,2019,12,2300.0,Server/Workstation,0.2071336612861146,-0.35287250537272213,-1.023138961633908,0.7260631844411485,-1.0630134239965479,,,0.7884573603642704,,-0.737367649039312
AMD EPYC 7513 x 1,1,AMD,7,33200.0,2.6,200,204.8,32.0,2021,14,2840.0,Server/Workstation,1.040980362003367,-0.17801766198824817,,,,,,,,
AMD EPYC 7513 x 2,2,AMD,7,33200.0,2.6,200,204.8,32.0,2021,14,2840.0,Server/Workstation,1.3201437065492583,-0.11947804931451561,-0.8932946505748465,,-0.7843886386572771,,,1.7047480922384253,,-0.5108256237659905
AMD EPYC 7532 x 1,1,AMD,7,15200.0,2.3,155,204.8,24.0,2019,12,1350.0,Server/Workstation,0.22701533562679305,-0.34870338525739386,-1.0408357702491777,0.8896346612155952,-1.0828816272132729,,,0.7884573603642704,,-0.7525194540599136
AMD EPYC 7542 x 1,1,AMD,7,3800.0,2.9,225,204.8,32.0,2019,12,3400.0,Server/Workstation,0.6083490438212119,-0.2687389916030193,-1.0052266091322313,0.7284486263822316,-1.0499839237062139,,,1.01160091167848,,
AMD EPYC 7543 x 1,1,AMD,7,33200.0,2.8,225,204.8,32.0,2021,14,3761.0,Server/Workstation,2.440371438510919,0.11542993132342705,,1.0058153887847503,-0.6852509184377196,,,1.01160091167848,0.7842942589677167,
AMD EPYC 7543 x 2,2,AMD,7,33200.0,2.8,225,204.8,32.0,2021,14,3761.0,Server/Workstation,3.7305758937539637,0.3859814580745905,,1.6175656960991098,-0.7359530215576822,,,1.7047480922384253,1.3560805825233944,
AMD EPYC 7551 x 1,1,AMD,14,4800.0,,180,170.6,32.0,2017,10,3400.0,Server/Workstation,-0.3618745984270715,-0.47219162008654103,-1.6258772522798601,,,,-0.3010345097240865,,0.2799411497073434,
AMD EPYC 7551 x 2,2,AMD,14,4800.0,,180,170.6,32.0,2017,10,3400.0,Server/Workstation,5.304585247975313,0.7160459158236364,,1.4828833345632297,,1.5804503755608483,,,,
AMD EPYC 7552 x 1,1,AMD,7,3800.0,2.2,200,204.8,48.0,2019,12,4025.0,Server/Workstation,0.5056187610655699,-0.2902811857337022,-1.044340065763782,0.8282118716880227,-1.0795427259477588,,,1.2992829841302609,,-0.7500100424544884
AMD EPYC 7573X x 1,1,AMD,7,33200.0,2.8,280,204.8,32.0,2022,15,5590.0,Server/Workstation,3.2727335186999986,0.28997345478576686,,1.050161935797103,,,,,,
AMD EPYC 7573X x 2,2,AMD,7,33200.0,2.8,280,204.8,32.0,2022,15,5590.0,Server/Workstation,5.220487262416692,0.6984108516311974,,1.6520807654956045,,,,,,
AMD EPYC 75F3 x 1,1,AMD,7,33200.0,2.95,280,204.8,32.0,2021,14,4860.0,Server/Workstation,1.9874055083186415,0.02044450209027815,-0.7632536437245889,0.8767003103260045,-0.6499271576073111,,,1.2992829841302609,0.8226551268401625,-0.41604721743870066
AMD EPYC 75F3 x 2,2,AMD,7,33200.0,2.95,280,204.8,32.0,2021,14,4860.0,Server/Workstation,3.6568118044279783,0.37051337710071486,,1.5521748316144333,-0.628467106587542,,,1.7047480922384253,1.4456927412130813,-0.4357351724109204
AMD EPYC 7601 x 1,1,AMD,14,4800.0,2.2,180,170.6,32.0,2017,10,4200.0,Server/Workstation,-1.1285389357749236,-0.6329585482522455,-1.345501436552233,0.8091624960925365,-1.2342491157087396,,,,,
AMD EPYC 7601 x 2,2,AMD,14,4800.0,2.2,180,170.6,32.0,2017,10,4200.0,Server/Workstation,-1.0646483448073918,-0.6195609066140886,-1.3877827014254969,,-1.2538961130925363,,,1.2992829841302609,,-1.0358059150386563
AMD EPYC 7601 x 8,8,AMD,14,4800.0,2.2,180,,32.0,2017,10,,Server/Workstation,-3.462034521487132,-1.1222847095563546,,,,,,-1.3397743454849977,,
AMD EPYC 7642 x 1,1,AMD,7,3800.0,2.4,225,204.8,48.0,2019,12,4775.0,Server/Workstation,0.5168614048191783,-0.2879236412221347,-1.047040044812345,0.8691909952767674,-1.0662974991977379,,,1.2992829841302609,,-0.7756418714807678
AMD EPYC 7642 x 2,2,AMD,7,3800.0,2.4,225,204.8,48.0,2019,12,4775.0,Server/Workstation,4.107580583353656,0.46503807111684725,,,,,,1.7047480922384253,,
AMD EPYC 7643 x 1,1,AMD,7,33200.0,2.3,225,204.8,48.0,2021,14,4995.0,Server/Workstation,2.7042686221735477,0.17076828150127277,,,-0.7102806665035546,,,1.2992829841302609,0.9730883302672888,
AMD EPYC 7643 x 2,2,AMD,7,33200.0,2.3,225,204.8,48.0,2021,14,4995.0,Server/Workstation,4.22995777346295,0.4907001555167574,,,-0.71258747260147,,,2.3978952727983707,1.5214045629487778,
AMD EPYC 7662 x 1,1,AMD,7,33200.0,,240,204.8,56.0,2021,14,6366.0,Server/Workstation,0.5067812281563839,-0.290037420301844,-1.047337148057908,0.8610617919748762,-1.0862317140985551,,,1.2992829841302609,,-0.7541889035294549
AMD EPYC 7663 x 1,1,AMD,7,33200.0,,240,204.8,56.0,2021,14,6366.0,Server/Workstation,0.6917781101974063,-0.25124419750912386,,,-0.7454542806818223,,,,,
AMD EPYC 7663 x 2,2,AMD,7,33200.0,,240,204.8,56.0,2021,14,6366.0,Server/Workstation,4.444966538637274,0.5357867690735504,,1.6329216656198433,-0.7288858543345889,,,2.3978952727983707,1.5972426393402825,
AMD EPYC 7663P x 1,1,AMD,7,33200.0,,240,204.8,56.0,2023,16,3139.0,Server/Workstation,1.0409790310354614,-0.1780179410877331,,,,,,,,
AMD EPYC 7702 x 1,1,AMD,7,3800.0,,200,204.8,64.0,2019,12,6450.0,Server/Workstation,1.2219964419640983,-0.14005919997792987,,0.8438451452973403,-1.0630134239965479,,,1.2992829841302609,,-0.737367649039312
AMD EPYC 7713 x 1,1,AMD,7,33200.0,,225,204.8,64.0,2021,14,7060.0,Server/Workstation,1.9814120224366463,0.019187688296661287,-0.8232331946769751,0.9650719672638282,-0.6942803251571137,,,1.2992829841302609,1.050698932972212,-0.5297935264728011
AMD EPYC 7713 x 2,2,AMD,7,33200.0,,225,204.8,64.0,2021,14,7060.0,Server/Workstation,2.9398492021467413,0.2201687353019579,-0.9036115234512057,1.6350334425919897,-0.7056829572549255,,,2.3978952727983707,1.579224133837604,-0.5108256237659905
AMD EPYC 7713P x 1,1,AMD,7,33200.0,,225,204.8,64.0,2021,14,5010.0,Server/Workstation,1.0409783998240831,-0.1780180734506322,,,,,,,,
AMD EPYC 7742 x 1,1,AMD,7,3800.0,2.25,225,204.8,64.0,2019,12,6950.0,Server/Workstation,-0.1868155789875615,-0.4354823335944253,-1.0127946083050858,0.8607578071609474,-1.0499839237062139,,,,,-0.7399089464679847
AMD EPYC 7742 x 2,2,AMD,7,3800.0,2.25,225,204.8,64.0,2019,12,6950.0,Server/Workstation,1.6338211574598815,-0.05370094483591148,-1.0358400339801914,,-1.0339322146957066,,,1.7047480922384253,1.5851943008241074,-0.7934416941819773
AMD EPYC 7763 x 1,1,AMD,7,33200.0,2.45,280,204.8,64.0,2021,14,7890.0,Server/Workstation,2.852433854223111,0.20183803139986423,,0.995011077722264,-0.8019109893494791,,,1.7047480922384253,1.2019299026961363,-0.570699024813405
AMD EPYC 7763 x 2,2,AMD,7,33200.0,2.45,280,204.8,64.0,2021,14,7890.0,Server/Workstation,2.9011902468928157,0.21206208265163495,-0.9258091147829113,1.6373191260421152,-0.7671680409056059,,,2.3978952727983707,1.7127555264621268,-0.585617252750624
AMD EPYC 7773X x 1,1,AMD,7,33200.0,2.2,280,204.8,64.0,2022,15,8800.0,Server/Workstation,3.049199290008138,0.2430990802570152,,1.0357073062945545,-0.6586418097097546,,,1.7047480922384253,1.2267245613093518,-0.5806691971332549
AMD EPYC 7773X x 2,2,AMD,7,33200.0,2.2,280,204.8,64.0,2022,15,8800.0,Server/Workstation,4.768887897593885,0.603711986551205,,1.6776016415884243,-0.6608323910895733,1.6916760106710724,,,1.7403434829809559,
AMD EPYC 7F32 x 1,1,AMD,7,15200.0,3.7,180,204.8,8.0,2020,13,2100.0,Server/Workstation,0.5368718729230846,-0.283727513488645,,,-0.936886425546235,0.45198512374305744,-0.4355827987976717,-0.24116205681688818,-0.2524044951554343,-0.5866039326530688
AMD EPYC 7F32 x 2,2,AMD,7,15200.0,3.7,180,204.8,8.0,2020,13,2100.0,Server/Workstation,-0.6486472350541981,-0.5323268756691999,,,-0.9000028121156811,,,,,
AMD EPYC 7F52 x 1,1,AMD,7,3800.0,3.5,240,204.8,16.0,2020,13,3100.0,Server/Workstation,0.6482465253088552,-0.2603726241748625,-0.8704337675443465,0.7395107523328832,-0.9225389771380943,,,0.4519851237430572,,
AMD EPYC 7F52 x 2,2,AMD,7,3800.0,3.5,240,204.8,16.0,2020,13,3100.0,Server/Workstation,0.8084597979660294,-0.22677644075830972,-0.9110403857724965,1.447206587217103,-0.905589418824321,,,,,-0.5816607688555502
AMD EPYC 7F72 x 1,1,AMD,7,3800.0,3.2,240,204.8,24.0,2020,13,2450.0,Server/Workstation,0.3395798382641957,-0.32509898835520074,,,-1.0056728773813033,,,0.7884573603642704,,-0.6403596759578924
AMD EPYC 7F72 x 2,2,AMD,7,3800.0,3.2,240,204.8,24.0,2020,13,2450.0,Server/Workstation,1.0993364226086804,-0.16578059271772178,,1.350072037073108,-0.996427819237252,,,,,-0.6262417944121079
AMD EPYC 7K62 x 2,2,AMD,7,15200.0,3.2,155,204.8,8.0,2019,12,575.0,Server/Workstation,1.0409789192314791,-0.17801796453265148,,,,,,,,
AMD EPYC 7K83 x 1,1,AMD,14,4800.0,2.2,170,170.6,16.0,2017,10,7800.0,Server/Workstation,0.876102662971771,-0.2125919598981202,,,-0.7242020050221631,,,,,
AMD EPYC 8534P x 1,1,AMD,5,35500.0,2.3,200,230.4,64.0,2023,16,4950.0,Server/Workstation,4.417880753370883,0.5301069711722978,,1.1236765859277256,,,1.4460893346229895,,,
AMD EPYC 8534PN x 1,1,AMD,5,35500.0,,175,230.4,64.0,2023,16,5450.0,Server/Workstation,4.278916627416334,0.5009666622174958,,1.121644272682893,,,1.3403367876896688,,,
AMD EPYC 9184X x 2,2,AMD,5,90160.0,3.55,320,460.8,16.0,2023,16,4928.0,Server/Workstation,7.375307631884295,1.1502694221584124,,2.3179898719134684,,,,,,
AMD EPYC 9374F x 1,1,AMD,5,52560.0,3.85,320,460.8,32.0,2022,15,4850.0,Server/Workstation,4.0428576655688175,0.45146589334973575,,1.8347156683856944,-0.2656539276916847,,,,1.1047661542424878,-0.27159593470015597
AMD EPYC 9374F x 2,2,AMD,5,52560.0,3.85,320,460.8,32.0,2022,15,4850.0,Server/Workstation,5.102756131641737,0.6737230302181912,,2.4389508129279847,-0.2686125097314296,,,,1.659762996321616,-0.26617586723081743
AMD EPYC 9384X x 1,1,AMD,5,90160.0,3.1,320,460.8,32.0,2023,16,5529.0,Server/Workstation,1.0409778391393791,-0.17801819102432534,,,,,,,,
AMD EPYC 9384X x 2,2,AMD,5,90160.0,3.1,320,460.8,32.0,2023,16,5529.0,Server/Workstation,7.665935339712044,1.211213073181673,,2.407803222465592,,,,,,
AMD EPYC 9534 x 2,2,AMD,5,52560.0,2.45,280,460.8,64.0,2022,15,8803.0,Server/Workstation,6.785129440463302,1.0265110441003307,,1.4506579968024198,,2.46080909820894,,,,
AMD EPYC 9554 x 1,1,AMD,5,52560.0,3.1,360,460.8,64.0,2022,15,9087.0,Server/Workstation,4.159497063108363,0.4759247819820148,,1.8320018385148913,-0.39813080160623393,,,,1.515802307400108,-0.4090049348132885
AMD EPYC 9554 x 2,2,AMD,5,52560.0,3.1,360,460.8,64.0,2022,15,9087.0,Server/Workstation,5.128401059908139,0.6791006852617031,,2.4293244860703034,-0.3998185657199542,,,,1.993657911928529,-0.40428237585911475
AMD EPYC 9575F x 1,1,AMD,4,66520.0,3.3,400,576.0,64.0,2024,17,11791.0,Server/Workstation,6.7595357440578905,1.021144132205436,,2.1350730843221974,0.08568925006174677,,1.9902013968454,,,
AMD EPYC 9575F x 2,2,AMD,4,66520.0,3.3,400,576.0,64.0,2024,17,11791.0,Server/Workstation,8.129964903344952,1.3085185090669569,,2.792729067770537,0.10626610775050604,,2.6932072453704734,,,
AMD EPYC 9634 x 1,1,AMD,5,78840.0,2.25,290,460.8,84.0,2022,15,10304.0,Server/Workstation,4.300442507636388,0.5054805667653616,,,,,,,1.5327041182027115,
AMD EPYC 9634 x 2,2,AMD,5,78840.0,2.25,290,460.8,84.0,2022,15,10304.0,Server/Workstation,5.344961052437128,0.7245125859677052,,,,,,,1.993657911928529,
AMD EPYC 9654 x 1,1,AMD,5,78840.0,2.4,360,460.8,96.0,2022,15,11805.0,Server/Workstation,4.753346473370864,0.6004530022605068,,1.8202016066854405,-0.4324394838892198,,2.0998989347403345,,1.603321685416664,-0.41253227533125614
AMD EPYC 9654 x 2,2,AMD,5,78840.0,2.4,360,460.8,96.0,2022,15,11805.0,Server/Workstation,5.389454540837038,0.7338427205585155,,,-0.42895515980660903,,2.67346174166277,,2.0587972140994903,-0.41253227533125614
AMD EPYC 9655 x 1,1,AMD,4,99780.0,2.6,400,576.0,96.0,2024,17,11852.0,Server/Workstation,6.803234494286764,1.0303076128797546,,2.1068232659763915,-0.01828622382341827,,2.2802777175579294,,,
AMD EPYC 9655 x 2,2,AMD,4,99780.0,2.6,400,576.0,96.0,2024,17,11852.0,Server/Workstation,8.063320361171835,1.2945433731407885,,2.767610144386488,-0.012535776694980072,,2.899057609590848,,,
AMD EPYC 9655P x 1,1,AMD,4,99780.0,2.6,400,576.0,96.0,2024,17,10811.0,Server/Workstation,6.629019712653578,0.9937753602108549,,2.039152231758301,-0.011389644764357776,,,,,0.11446408139831998
AMD EPYC 9684X x 1,1,AMD,5,135240.0,2.55,400,460.8,96.0,2023,16,14756.0,Server/Workstation,5.578946511827111,0.7735785483570591,,1.8450898120120662,-0.4464994694575184,,2.1901087209173795,,,
AMD EPYC 9684X x 2,2,AMD,5,135240.0,2.55,400,460.8,96.0,2023,16,14756.0,Server/Workstation,7.9145985429580765,1.263356908999056,,2.4754333387119054,,,2.8266739653833426,,,
AMD EPYC 9754 x 1,1,AMD,5,71000.0,2.25,360,460.8,128.0,2023,16,11900.0,Server/Workstation,5.496322081587994,0.7562524837497818,,1.8061246328707838,,1.1895840668738364,2.091076170322747,,,
AMD EPYC 9754 x 2,2,AMD,5,71000.0,2.25,360,460.8,128.0,2023,16,11900.0,Server/Workstation,5.981036087341931,0.8578953774489017,,,-0.733591745372002,2.0614230361771577,2.6321741299312507,,,
AMD EPYC 9755 x 1,1,AMD,4,133040.0,2.7,500,576.0,128.0,2024,17,12984.0,Server/Workstation,6.697839749669146,1.0082066900748696,,2.137362347835861,-0.09871347293603261,,2.593562184262403,,,-0.03313293485243296
AMD EPYC 9755 x 2,2,AMD,4,133040.0,2.7,500,576.0,128.0,2024,17,12984.0,Server/Workstation,8.270982810500392,1.3380894890191,,2.8119101540507216,-0.1012166031541506,2.8903717578961645,3.1520240688532617,,,0.04533868058906165
AMD EPYC 9845 x 1,1,AMD,3,,2.1,390,576.0,160.0,2024,17,13564.0,Server/Workstation,6.020842506410966,0.8662426493947232,,1.89941639165583,,,,,,
AMD EPYC 9965 x 1,1,AMD,3,,2.25,500,576.0,192.0,2024,17,14813.0,Server/Workstation,6.904401078987598,1.05152190479743,,2.072148786349228,-0.17128416577086814,,2.7378187853626272,,,
AMD EPYC 9965 x 2,2,AMD,3,,2.25,500,576.0,192.0,2024,17,14813.0,Server/Workstation,7.674779159995603,1.2130675924947218,,2.744444534314372,-0.16859960040019928,,3.2930701443069843,,,-0.043371932153527304
AMD FX-6300 Six-Core x 1,1,AMD,32,1200.0,3.5,95,29.9,6.0,2012,5,132.0,Desktop,-6.680964567054669,-1.797283493504465,,,,,,,,-1.1770169943374071
AMD FX-8150 Eight-Core x 1,1,AMD,32,1200.0,3.6,125,,8.0,2011,4,245.0,Desktop,-8.34513138860579,-2.146253668355141,,,-1.8633442747758346,,,,,-1.2328083539658232
AMD FX-8350 Eight-Core x 1,1,AMD,32,1200.0,4.0,125,29.9,8.0,2012,5,199.0,Desktop,-4.618876772577124,-1.3648706314780792,,,,,,-1.2656663733312756,,-1.402562031359845
AMD FX-8370 Eight-Core x 1,1,AMD,32,1200.0,4.0,125,29.9,8.0,2014,7,199.0,Desktop,-5.782015225545981,-1.6087768457179226,,-1.1497694313852485,-1.7726899065077042,,,,,
AMD Phenom 9650 x 1,1,AMD,65,450.0,2.3,95,,4.0,2008,1,215.0,Desktop,-5.06410338580038,-1.4582331520214686,,,,,,-1.9841313618755105,,
AMD Phenom II X3 720 x 1,1,AMD,45,758.0,2.8,95,21.3,3.0,2010,3,145.0,Desktop,-5.329167834273789,-1.5138162736968832,,,,,,-2.090741096933769,,
AMD RYZEN AI MAX PRO 390 x 1,1,AMD,4,,3.2,55,256.0,12.0,2025,18,,Mobile,3.4543601682944405,0.32805995119087983,,,,0.7621400520468968,,,,
AMD RYZEN AI MAX+ 395 x 1,1,AMD,4,,3.0,55,256.0,16.0,2025,18,,Mobile,4.953060688114729,0.6423324001290284,0.10560094676240617,,,,,,,0.2169570534567109
AMD RYZEN AI MAX+ PRO 395 x 1,1,AMD,4,,3.0,55,256.0,16.0,2025,18,,Mobile,7.257837507029788,1.1256363328074306,,,,,,,,0.2169570534567109
AMD Ryzen 3 1300X x 1,1,AMD,14,4800.0,3.4,65,42.7,4.0,2017,10,129.0,Desktop,-2.256204924758899,-0.8694263063235839,,-0.45408745901869096,-1.1812063797242587,,,,,
AMD Ryzen 3 2200G x 1,1,AMD,14,4950.0,3.5,65,46.9,4.0,2018,11,99.0,Desktop,-3.395951114161196,-1.108427241716823,,-0.5482552742357392,-1.2578722614721762,,,-1.627456417936779,,
AMD Ryzen 3 3100 x 1,1,AMD,7,3800.0,3.6,65,51.2,4.0,2020,13,99.0,Desktop,-1.3847162050834643,-0.6866780584033041,,,-1.011884077473944,,,,,-0.6080681713213689
AMD Ryzen 3 3200G x 1,1,AMD,12,4940.0,3.6,65,46.9,4.0,2019,12,99.0,Desktop,-3.8218947296291113,-1.1977461826075104,,,-1.2658723041392523,,,,,
AMD Ryzen 3 3200U x 1,1,AMD,14,4940.0,2.6,15,38.4,2.0,2019,12,,Mobile,-4.552310376263127,-1.3509118824752457,,-1.2734827446286836,-1.3942534707874588,,,,,
AMD Ryzen 3 3300X x 1,1,AMD,7,3800.0,3.8,65,51.2,4.0,2020,13,120.0,Desktop,-0.5052972383849308,-0.5022668644042888,,-0.47456160250111523,-0.7550466803732618,,,,,-0.5022785631875317
AMD Ryzen 5 1500X x 1,1,AMD,14,4800.0,3.5,65,42.7,4.0,2017,10,189.0,Desktop,-2.8624317971397852,-0.9965500387008177,,,,,,-1.0986122886681096,,
AMD Ryzen 5 1600 Six-Core x 1,1,AMD,6,,2.8,15,88.0,4.0,2023,16,,Mobile,-2.0706583014350546,-0.8305178046362814,,,,,,-0.7801585575495751,,
AMD Ryzen 5 1600X Six-Core x 1,1,AMD,6,,2.8,15,88.0,4.0,2023,16,,Mobile,-1.7386583680278176,-0.7608985373181478,,,,,,-0.6466271649250523,,
AMD Ryzen 5 2400G with Radeon Vega x 1,1,AMD,6,,2.8,15,88.0,4.0,2023,16,,Mobile,-2.7069870440638892,-0.9639537977723062,,,,,,-1.0360919316867756,,
AMD Ryzen 5 2400G x 1,1,AMD,14,4950.0,3.6,65,46.9,4.0,2018,11,169.0,Desktop,-2.601476027041563,-0.9418284930359487,,-0.6102938323046381,-1.173853405419,,,-1.0360919316867756,,
AMD Ryzen 5 2600 Six-Core x 1,1,AMD,6,,2.8,15,88.0,4.0,2023,16,,Mobile,-2.203565344407771,-0.8583879636999294,,,-1.1168985124915274,,,-0.693147180559945,,-0.787005630131083
AMD Ryzen 5 2600X Six-Core x 1,1,AMD,6,,2.8,15,88.0,4.0,2023,16,,Mobile,-1.6425163104118348,-0.7407378717993618,,,,,,-0.5978370007556202,,-0.6806581689891704
AMD Ryzen 5 3400G x 1,1,AMD,12,4940.0,3.7,65,46.9,4.0,2019,12,149.0,Desktop,-2.4936396889381927,-0.919215576304371,-1.5296789436255214,-0.5900074246981433,-1.1273333897841074,,,-0.9694005571881035,,
AMD Ryzen 5 3500U x 1,1,AMD,12,4940.0,2.1,15,,4.0,2019,12,,Mobile,-3.764186842560626,-1.185645033143551,,,,,,,,-0.8853195852258899
AMD Ryzen 5 3500X x 1,1,AMD,7,3800.0,3.6,65,51.2,6.0,2019,12,130.0,Desktop,-0.48708551177801884,-0.4984479267016232,,,,,,,,-0.5575873896740298
AMD Ryzen 5 3600 x 1,1,AMD,7,3800.0,3.6,65,51.2,6.0,2019,12,199.0,Desktop,-0.9024844357009222,-0.5855556813070442,,,-0.779438133497421,,,-0.5978370007556202,,-0.5826513583372455
AMD Ryzen 5 3600X x 1,1,AMD,7,3800.0,3.8,95,51.2,6.0,2019,12,249.0,Desktop,-0.7004355652617519,-0.543186714006146,,,-0.779438133497421,,,-0.4924764850977943,,-0.5484083349150328
AMD Ryzen 5 3600XT x 1,1,AMD,7,3800.0,3.8,95,51.2,6.0,2019,12,249.0,Desktop,0.1613426531768019,-0.36247472547443127,-0.7111553270630964,-0.5298839960208461,,,,,,
AMD Ryzen 5 4500U x 1,1,AMD,7,9800.0,2.3,15,51.2,6.0,2020,13,,Mobile,-1.4504361685756106,-0.7004593132955617,-0.9295417348618074,-0.6940113081899639,-1.1849032416055847,-0.5596157879354227,,-1.1856236656577392,-1.253989210218612,
AMD Ryzen 5 5500 x 1,1,AMD,7,10700.0,3.6,65,51.2,6.0,2022,15,159.0,Desktop,-0.1373246840474651,-0.42510425969155524,,,-0.6542749905434144,,-0.9254853324223831,-0.5978370007556202,,-0.3470543459517499
AMD Ryzen 5 5500U x 1,1,AMD,7,9800.0,2.1,15,51.2,6.0,2021,14,,Mobile,-0.9927336404058972,-0.6044806354271333,,,-1.106571398335678,-0.33647223662121295,-1.3739447053057248,,-1.0965652050463843,
AMD Ryzen 5 5560U x 1,1,AMD,7,10700.0,2.3,15,51.2,6.0,2021,14,,Mobile,-1.4135545336170074,-0.6927253587222538,,,,,,,-0.9889252263546036,
AMD Ryzen 5 5600G x 1,1,AMD,7,10700.0,3.9,65,51.2,6.0,2021,14,259.0,Desktop,-0.6505934978782002,-0.5327350004252052,,-0.4268358623893924,-0.5868810728094394,,,-0.54654370636807,,
AMD Ryzen 5 5600X x 1,1,AMD,7,4150.0,3.7,65,51.2,6.0,2020,13,299.0,Desktop,0.0049670040325431805,-0.395266172171702,,-0.4425684602078128,-0.5180239878662496,,-0.6866884760901399,-0.3101549283038394,-0.6060242524519,-0.22172410465998293
AMD Ryzen 5 7600 x 1,1,AMD,5,6570.0,3.8,65,83.2,6.0,2023,16,229.0,Desktop,1.987639296580591,0.020493526701028664,,0.034659251669577174,-0.13563682704063051,0.0,-0.37082448213036656,,,-0.06520319381076156
AMD Ryzen 5 7600X x 1,1,AMD,5,6570.0,4.7,105,83.2,6.0,2022,15,299.0,Desktop,1.6586891150271443,-0.04848621792990443,-0.23922501889186698,-0.02280418042694521,-0.02872110111599735,0.0,,-0.3101549283038394,-0.21748339100782044,0.014285957247476944
AMD Ryzen 5 8400F x 1,1,AMD,4,25000.0,4.2,65,83.2,6.0,2024,17,170.0,Desktop,2.579185647147104,0.14453880312173406,,,-0.3032806386773066,,-0.4577004920809209,,,-0.05182506786458596
AMD Ryzen 5 8500G x 1,1,AMD,4,20900.0,3.5,65,83.2,6.0,2024,17,179.0,Mobile,2.228738713073923,0.07105126192354255,,0.06793890767118782,-0.2582955427604974,,,,,
AMD Ryzen 5 8600G x 1,1,AMD,4,25000.0,4.3,65,83.2,6.0,2024,17,229.0,Desktop,1.3575742871188519,-0.11162898269632732,,0.07707630891114192,-0.22796830879329466,0.13353139262452252,-0.44863865912804357,-0.3746934494414105,,0.0053333459753632795
AMD Ryzen 5 9600X x 1,1,AMD,4,8315.0,3.9,65,89.6,6.0,2024,17,279.0,Desktop,3.3565779363118344,0.3075553466341958,,,0.1655720217093526,0.0,-0.24273994801163568,,,0.30918827767274504
AMD Ryzen 5 PRO 4650G x 1,1,AMD,7,9800.0,3.7,65,51.2,6.0,2020,13,209.0,Desktop,0.11975438991956786,-0.3711956441423601,,,,,,,,-0.49689931406779575
AMD Ryzen 5 PRO 6650U x 1,1,AMD,6,,2.9,15,76.8,6.0,2022,15,,Mobile,-0.7645045987997341,-0.5566217744500408,,-0.4920096067861941,,,,,,-0.38637144929258405
AMD Ryzen 7 1700 Eight-Core x 1,1,AMD,14,4800.0,3.0,65,42.7,8.0,2017,10,329.0,Desktop,-1.1494414302522948,-0.6373417309104508,-0.8047688232588914,-0.3641722567702601,-1.211171168426195,,,-0.54654370636807,-0.8785315268844451,-1.001231408523238
AMD Ryzen 7 1700X Eight-Core x 1,1,AMD,14,4800.0,3.4,95,42.7,8.0,2017,10,399.0,Desktop,-1.9933433366748052,-0.8143051170489817,,,-1.2303656156823424,,,-0.4353180712578455,,
AMD Ryzen 7 1800X Eight-Core x 1,1,AMD,14,4800.0,3.6,95,42.7,8.0,2017,10,499.0,Desktop,-1.7650099753848603,-0.7664243805857189,,-0.3698468043221155,-1.1557040869133228,,,-0.3746934494414105,,-0.821122385982556
AMD Ryzen 7 2700 Eight-Core x 1,1,AMD,12,4800.0,3.2,65,46.9,8.0,2018,11,299.0,Desktop,-1.6518935063456015,-0.7427042381889799,-1.266293312946182,-0.4329004947658426,-1.0862317140985551,,,-0.4353180712578455,,-0.8404354621261625
AMD Ryzen 7 2700X Eight-Core x 1,1,AMD,12,4800.0,3.7,105,46.9,8.0,2018,11,329.0,Desktop,-1.2839391538879361,-0.6655454503491067,,-0.5202168282244486,-1.0212738178237828,,,-0.24116205681688818,,
AMD Ryzen 7 3700X x 1,1,AMD,7,3800.0,3.6,65,51.2,8.0,2019,12,329.0,Desktop,-0.5252452637320444,-0.5064498981020882,,-0.5301957507009121,-0.7526399403426964,,,-0.24116205681688818,-0.45688109435526414,
AMD Ryzen 7 3800X x 1,1,AMD,7,3800.0,3.9,105,51.2,8.0,2019,12,399.0,Desktop,-0.46156078010520485,-0.4930954764787686,,,-0.8171784614802675,,,-0.3101549283038394,,-0.5001303346492421
AMD Ryzen 7 3800XT x 1,1,AMD,7,3800.0,3.8,105,51.2,8.0,2020,13,399.0,Desktop,-0.20129049965611304,-0.43851767568347494,-1.1330283080613182,-0.677611506175051,-0.7242020050221631,-0.5596157879354227,-0.46443682329669045,-0.16705408466316607,-0.2647210885610214,-0.40664644315399556
AMD Ryzen 7 4700U x 1,1,AMD,7,9800.0,,15,51.2,8.0,2020,13,,Mobile,-1.4105798530053657,-0.6921015782215694,,,-1.0997454332652783,,-1.426909448834932,,-1.0283039160048215,-0.5473832194997881
AMD Ryzen 7 4800U x 1,1,AMD,7,9800.0,,15,51.2,8.0,2020,13,,Mobile,1.0409800056031004,-0.17801773672418314,,,,,,,,
AMD Ryzen 7 5700G x 1,1,AMD,7,10700.0,3.8,65,51.2,8.0,2021,14,359.0,Desktop,0.6261354862120709,-0.265009234567409,,,-0.6116246031930448,,-0.5397004855941354,-0.24116205681688818,,-0.2634547771164568
AMD Ryzen 7 5700X x 1,1,AMD,7,4150.0,3.4,65,51.2,8.0,2022,15,299.0,Desktop,-0.9020853498332074,-0.5854719943453566,,,,,,-0.3101549283038394,,
AMD Ryzen 7 5800H x 1,1,AMD,7,10700.0,3.2,45,68.3,8.0,2021,14,,Mobile,1.0409805627708193,-0.17801761988798995,,,,,,,,
AMD Ryzen 7 5800U x 1,1,AMD,7,10700.0,,15,51.2,8.0,2021,14,,Mobile,1.3828140638408786,-0.10633628656645971,,,,,,,,-0.37058484336194386
AMD Ryzen 7 5800X x 1,1,AMD,7,4150.0,3.8,105,51.2,8.0,2020,13,449.0,Desktop,0.9960248771610077,-0.18744467567628254,-0.2544625690442128,-0.48386011878862334,-0.4589662382226489,-0.33647223662121295,-0.30141427011738386,-0.08701137698962969,-0.3161085404741817,-0.29033811650989705
AMD Ryzen 7 5800X3D x 1,1,AMD,7,8850.0,3.4,105,51.2,8.0,2022,15,449.0,Desktop,1.0082268556862632,-0.1848859618957051,-0.26750560212015984,-0.4509784515934143,-0.3863955453878134,-0.33647223662121295,-0.36326589731751113,-0.16705408466316607,-0.25145075164012454,-0.3190982686851598
AMD Ryzen 7 7700 x 1,1,AMD,5,6570.0,3.8,65,83.2,8.0,2023,16,329.0,Desktop,2.2625954791685574,0.07815091168876898,,-0.003825436840546814,-0.06915467069448766,0.0,-0.08378269860110876,,,-0.010582109330536937
AMD Ryzen 7 7700X x 1,1,AMD,5,6570.0,4.5,105,83.2,8.0,2022,15,399.0,Desktop,2.124943908497589,0.04928584115410661,0.0,0.0,0.0,0.0,0.0,0.0,0.0,0.0
AMD Ryzen 7 7735HS x 1,1,AMD,6,,3.2,35,76.8,8.0,2023,16,,Mobile,-0.31287954829579456,-0.46191752316926626,,,,,,,-0.5031891782313895,
AMD Ryzen 7 7800X3D x 1,1,AMD,5,11270.0,4.2,120,83.2,8.0,2023,16,449.0,Desktop,2.181106062802192,0.06106285566602937,,0.05207488515622671,-0.11764148282155151,0.0,-0.025252836779081633,,,-0.11383514264879846
AMD Ryzen 7 7840HS x 1,1,AMD,4,25000.0,3.8,35,89.6,8.0,2023,16,,Mobile,1.62070310283782,-0.05645175668715047,,,-0.3109789061030588,,-0.4388687084937537,,-0.18640319511360293,-0.043371932153527304
AMD Ryzen 7 7840U x 1,1,AMD,4,25000.0,3.3,28,89.6,8.0,2023,16,,Mobile,2.6293288822170573,0.1550536705516894,,,-0.2451853768362895,-0.15415067982725827,,,,-0.03484673133016791
AMD Ryzen 7 8700G x 1,1,AMD,4,25000.0,4.2,65,83.2,8.0,2024,17,329.0,Desktop,3.1415017449941565,0.2624545940423427,,,-0.22229453470738658,,-0.257025843039731,,,0.025135973271543044
AMD Ryzen 7 8845HS x 1,1,AMD,4,25000.0,3.8,45,89.6,8.0,2023,16,,Mobile,2.143500382092756,0.053177071138539034,,,,,-0.20531781664896798,,,-0.08656801630845834
AMD Ryzen 7 9700X x 1,1,AMD,4,8315.0,3.8,65,89.6,8.0,2024,17,359.0,Desktop,3.697410345461757,0.37902675435338407,,,0.17891826366224706,0.13353139262452252,-0.038679145746254306,,,0.3435897043900775
AMD Ryzen 7 9800X3D x 1,1,AMD,4,8315.0,4.7,120,89.6,8.0,2024,17,479.0,Desktop,2.4322859755739836,0.11373443699058061,,0.11724839961370748,0.15883150509550958,0.13353139262452252,0.16579758026442093,0.0,,0.30196802969925773
AMD Ryzen 7 PRO 3700 x 1,1,AMD,7,3800.0,3.6,65,51.2,8.0,2019,12,329.0,Desktop,-1.0420810833771215,-0.6148286279355111,-1.170451787024561,,,,,,,
AMD Ryzen 7 PRO 3700U x 1,1,AMD,12,4940.0,2.3,15,,4.0,2019,12,,Mobile,-1.2208615710134054,-0.6523182937685146,,,,,,,,-0.6309699356080536
AMD Ryzen 7 PRO 4750G x 1,1,AMD,7,9800.0,3.6,65,51.2,8.0,2020,13,209.0,Desktop,-0.5462928307450938,-0.5108635019821842,,,,,,-0.16705408466316607,,
AMD Ryzen 7 PRO 5850U x 1,1,AMD,7,10700.0,,15,51.2,8.0,2021,14,,Mobile,0.037951685844434806,-0.38834939554196424,-0.5773005116991357,,-0.6263462150184047,-0.5596157879354227,-1.1546403698348477,-0.54654370636807,-0.7179894153545305,-0.449402811139584
AMD Ryzen 7 PRO 6850U x 1,1,AMD,6,,2.7,15,76.8,8.0,2022,15,,Mobile,0.8052988208313275,-0.22743928701212923,-0.6330701730349411,,-0.5667190995190952,-0.5596157879354227,-1.0001151757953188,,,-0.2648162477147773
AMD Ryzen 7 PRO 7840U x 1,1,AMD,4,25000.0,3.3,28,89.6,8.0,2024,17,,Server/Workstation,2.7214534677954845,0.17437188572159945,,,-0.18209508187508305,-0.15415067982725827,,,,-0.0668629452291265
AMD Ryzen 9 3900X x 1,1,AMD,7,7600.0,3.8,105,51.2,12.0,2019,12,499.0,Desktop,0.1231006914695002,-0.3704939359831417,,-0.49678216223140836,-0.7598776076429266,,,0.2006706954621511,-0.045571434250816445,-0.5453298306879457
AMD Ryzen 9 3900XT x 1,1,AMD,7,7600.0,3.9,105,51.2,12.0,2020,13,499.0,Desktop,0.780114942573352,-0.23272026142244254,-0.4280055530201583,-0.505022998530368,-0.7647319861077255,-0.33647223662121295,,0.2006706954621511,0.07779574523290655,-0.46400161056073674
AMD Ryzen 9 3950X x 1,1,AMD,7,7600.0,3.5,105,51.2,16.0,2019,12,749.0,Desktop,0.4335624479256183,-0.3053911517959427,,-0.6097915557275293,-0.7478437680792034,,,0.4519851237430572,0.19292977271771328,-0.5494324005447231
AMD Ryzen 9 5900HX x 1,1,AMD,7,10700.0,3.3,45,68.3,8.0,2021,14,,Mobile,-0.0034165693831556517,-0.3970241792674227,,,-0.6369959429350622,-0.8472978603872034,-0.6984319851981731,-0.08701137698962969,-0.538178170081455,-0.3061279182425318
AMD Ryzen 9 5900X x 1,1,AMD,7,8300.0,3.7,105,51.2,12.0,2020,13,549.0,Desktop,1.552725728648271,-0.07070638299601184,-0.23737190822505383,-0.43694280229357574,-0.4862158806700245,,0.062356144555529625,0.3184537311185349,0.050325083887515554,-0.29694752589757023
AMD Ryzen 9 5950X x 1,1,AMD,7,8300.0,3.4,105,51.2,16.0,2020,13,799.0,Desktop,1.8003456689916493,-0.018781315893904416,-0.2527592812878403,,-0.4464994694575184,-0.33647223662121295,,0.6061358035703157,0.20039806732523946,-0.31263412206526997
AMD Ryzen 9 6900HX x 1,1,AMD,6,,3.3,45,76.8,8.0,2022,15,,Mobile,0.8773227457826037,-0.21233611264391777,,-0.1961371650654513,-0.4862158806700245,,,,,
AMD Ryzen 9 7900 x 1,1,AMD,5,13140.0,3.7,65,83.2,12.0,2023,16,429.0,Desktop,2.406767058673049,0.10838320610579544,,0.04409760669453178,-0.07768610574395662,0.0,0.20484225750989893,,,-0.06020734661739002
AMD Ryzen 9 7900X x 1,1,AMD,5,13140.0,4.7,170,83.2,12.0,2022,15,549.0,Desktop,2.503258686759179,0.12861717537424766,-0.027189624387991884,0.04827371892139709,-0.04992330876660045,0.13353139262452252,0.4028495757081991,0.3184537311185349,0.34881807244351215,0.003552401604368427
AMD Ryzen 9 7900X3D x 1,1,AMD,5,17840.0,4.4,120,83.2,12.0,2023,16,599.0,Desktop,2.609591984455626,0.15091490959718545,,0.048359433223037485,-0.08629095293747557,0.13353139262452252,0.3573676490448463,,,-0.05182506786458596
AMD Ryzen 9 7950X x 1,1,AMD,5,13140.0,4.5,170,83.2,16.0,2022,15,699.0,Desktop,2.81727514049966,0.19446536760395838,-0.0027868690830761267,0.07840347298763817,0.00226244440396961,0.13353139262452252,0.6416865144742232,0.6061358035703157,0.5785047223466577,-0.007067167223092419
AMD Ryzen 9 7950X3D x 1,1,AMD,5,17840.0,4.2,120,83.2,16.0,2023,16,699.0,Desktop,2.4926580790058135,0.12639426364850648,,0.04747374767631385,-0.07036899992688994,0.13353139262452252,0.6495943951934819,0.6061358035703157,,-0.050140147499666554
AMD Ryzen 9 9900X x 1,1,AMD,4,16630.0,4.4,120,89.6,12.0,2024,17,499.0,Desktop,4.195659407998919,0.48350790385179554,,,0.18175514499744683,0.25131442828090633,0.4733842955944816,,,0.34860224621362157
AMD Ryzen 9 9900X3D x 1,1,AMD,4,16630.0,4.4,120,89.6,12.0,2025,18,599.0,Desktop,3.7205220772933583,0.3838732066404561,,0.20494325247123868,0.1751231926936958,0.25131442828090633,,,,0.3140309021485326
AMD Ryzen 9 9950X x 1,1,AMD,4,16630.0,4.3,170,89.6,16.0,2024,17,649.0,Desktop,3.9806846650473617,0.4384284246404744,0.21645560839093037,,0.17131366427702766,0.25131442828090633,0.7002404124846429,0.6061358035703157,,0.31160665853702696
AMD Ryzen 9 9950X3D x 1,1,AMD,4,16630.0,4.3,170,89.6,16.0,2025,18,699.0,Desktop,3.831024292067767,0.4070451487269291,,0.1838052579330416,0.22064893611872005,0.25131442828090633,,,,0.35616848659693723
AMD Ryzen 9 PRO 3900 x 1,1,AMD,6,,3.3,45,76.8,8.0,2022,15,,Mobile,-0.7349649850609543,-0.5504274169866255,-1.1709380548315433,,-0.796873195319522,,,,,
AMD Ryzen AI 5 340 x 1,1,AMD,4,,,28,89.6,6.0,2025,18,,Mobile,7.126553431067459,1.0981065044570606,,,,,,,,0.20382776201491826
AMD Ryzen AI 7 PRO 360 x 1,1,AMD,4,,,28,89.6,8.0,2025,18,,Mobile,1.0409788050781863,-0.17801798847021233,,,,,,,,
AMD Ryzen AI 9 365 x 1,1,AMD,4,,,28,89.6,10.0,2024,17,,Mobile,0.6479416818959836,-0.2604365488113318,,,,,-0.6062375486259377,,,
AMD Ryzen AI 9 HX 370 x 1,1,AMD,4,,,28,89.6,12.0,2024,17,,Mobile,1.3373099427917206,-0.11587834741835806,,,-0.5352823260955306,,-0.5657730308892219,,,
AMD Ryzen AI MAX+ PRO 395 x 1,1,AMD,4,,3.0,55,256.0,16.0,2025,18,,Mobile,1.040980095470539,-0.1780177178792841,,,,,,,,
AMD Ryzen Threadripper 1900X x 1,1,AMD,14,9600.0,3.8,180,85.3,8.0,2017,10,549.0,Desktop,-1.15460928160387,-0.6384254119251225,,,,,,,,-0.6243442606359162
AMD Ryzen Threadripper 1950X x 1,1,AMD,14,9600.0,3.4,180,85.3,16.0,2017,10,999.0,Desktop,-0.7068272579988022,-0.5445270304354577,,,,,,0.3184537311185349,,-1.0205868514761942
AMD Ryzen Threadripper 2920X x 1,1,AMD,12,9600.0,3.5,180,93.9,12.0,2018,11,649.0,Desktop,-0.5002261741338152,-0.5012034793184467,,,,,,0.09531017980432521,,-0.7541889035294549
AMD Ryzen Threadripper 2950X x 1,1,AMD,12,9600.0,3.5,180,93.9,16.0,2018,11,899.0,Desktop,-0.6358915944924046,-0.5296520608251974,-1.3088098378464963,0.005689399612794688,,,,0.3184537311185349,,
AMD Ryzen Threadripper 2970WX x 1,1,AMD,12,19200.0,3.0,250,93.9,24.0,2018,11,1299.0,Desktop,-0.070799084820524,-0.41115406570040647,-1.2842070114042148,,-1.0212738178237828,,,0.6061358035703157,0.13792314320550147,
AMD Ryzen Threadripper 2990WX x 1,1,AMD,12,19200.0,3.0,250,93.9,32.0,2018,11,1799.0,Desktop,0.9864848562028967,-0.1894451859248453,-0.5913376086238351,-0.02168999288533513,-1.0339322146957066,,,1.01160091167848,,
AMD Ryzen Threadripper 3960X x 1,1,AMD,7,15200.0,3.8,280,102.4,24.0,2019,12,1399.0,Desktop,1.2591072466436095,-0.132277189286365,-0.7687054727992209,0.08116003092544588,-0.7430704893265458,,,1.01160091167848,0.6534546580089051,-0.6271892127681475
AMD Ryzen Threadripper 3970X x 1,1,AMD,7,15200.0,3.7,280,102.4,32.0,2019,12,1999.0,Desktop,2.6087090846465113,0.15072976848226094,-0.3899491626996401,0.3924178050000968,-0.733591745372002,0.45198512374305744,0.9118599611811113,1.2992829841302609,0.9442863393635825,
AMD Ryzen Threadripper 3990X x 1,1,AMD,7,30400.0,2.9,280,102.4,64.0,2020,13,3990.0,Desktop,2.2584461127244864,0.07728080352728228,-0.4248735456697581,0.22311800439799967,-0.8044394357028377,0.25131442828090633,,1.7047480922384253,1.0791706070535243,-0.5727010274840776
AMD Ryzen Threadripper 7970X x 1,1,AMD,5,26280.0,4.0,350,166.4,32.0,2023,16,2499.0,Desktop,3.536055763379506,0.3451912421961846,,0.8736971448629163,,0.8266785731844679,,,,-0.015831465216680662
AMD Ryzen Threadripper 7980X x 1,1,AMD,5,52560.0,3.2,350,166.4,64.0,2023,16,4999.0,Desktop,4.656363220819952,0.580115940998383,,0.8651003766343024,-0.17262915588620054,,1.9015072520323173,1.7047480922384253,,
AMD Ryzen Threadripper 9970X x 1,1,AMD,4,33260.0,4.0,350,204.8,32.0,2025,18,2499.0,Desktop,3.292175703281014,0.29405041537941234,,1.0561701989194496,,,,,,
AMD Ryzen Threadripper 9980X x 1,1,AMD,4,66520.0,3.2,350,204.8,64.0,2025,18,4999.0,Desktop,1.0409805868397668,-0.17801761484081277,,,,,,,,
AMD Ryzen Threadripper PRO 3975WX x 1,1,AMD,7,15200.0,3.5,280,204.8,32.0,2020,13,2749.0,Desktop,1.1728667832233597,-0.15036152386702742,,,-0.8326826480162328,,,1.01160091167848,,-0.577688568995117
AMD Ryzen Threadripper PRO 5965WX x 1,1,AMD,7,16600.0,3.8,280,204.8,24.0,2022,15,2399.0,Server/Workstation,2.956215420206978,0.22360067608106904,,,,0.5389965007326871,0.8493347799940025,,0.7396087696224161,
AMD Ryzen Threadripper PRO 7995WX x 1,1,AMD,5,78840.0,2.5,350,332.8,96.0,2023,16,9999.0,Server/Workstation,5.504937990446892,0.7580592108050564,,1.504399326976344,-0.17262915588620054,1.550597412411167,,2.3978952727983707,,
AMD Ryzen Threadripper PRO 9995WX x 1,1,AMD,4,99780.0,2.5,350,409.6,96.0,2025,18,11700.0,Server/Workstation,4.350157037407949,0.5159055361388228,,1.1794691610090098,,1.2321436812926325,,,,
AMD Ryzen Z1 Extreme x 1,1,AMD,4,25000.0,3.3,15,89.6,8.0,2023,16,,Mobile,2.5582684653357837,0.14015254057909055,,,-0.28504305112752615,-0.15415067982725827,,,,-0.022788015010040574
INTEL XEON PLATINUM 8592+ x 1,1,Intel,10,,,350,358.4,64.0,2023,16,11600.0,Server/Workstation,4.330509293871159,0.5117854705248093,,1.5843832108076796,-0.5275751588505928,,1.5280294347731918,,,-0.20018701951559947
INTEL XEON PLATINUM 8592+ x 2,2,Intel,10,,,350,358.4,64.0,2023,16,11600.0,Server/Workstation,6.181457490491066,0.8999230703430442,,2.2792024320851887,-0.533349958344477,2.316769727986002,2.21746350412543,,,-0.20018701951559947
Intel Celeron G5900 x 1,1,Intel,14,,3.4,58,42.7,2.0,2020,13,60.0,Desktop,-2.687234893340198,-0.9598118383230132,,,-1.177523134307962,,,,,-0.715935195569986
Intel Celeron G6900 x 1,1,Intel,10,,3.4,46,,2.0,2022,15,52.0,Desktop,-2.717175241611617,-0.9660902284675954,-1.7455106780938134,,,,,,,-0.345800427292156
Intel Celeron J3455 x 1,1,Intel,32,504.0,,17,,1.0,2011,4,,Mobile,-14.293105620543466,-3.3935238223123876,,,,,,,,-1.9382823470064263
Intel Celeron N2830 x 1,1,Intel,22,,2.16,7,,2.0,2014,7,,Mobile,-16.31914766999217,-3.818378013067096,,,,,,,,-2.140900191901581
Intel Celeron N3350 x 1,1,Intel,32,504.0,,17,,1.0,2011,4,,Mobile,-13.156423531134365,-3.1551654183628344,,,,,,,,-1.824606485565317
Intel Core 2 Duo E8500 x 1,1,Intel,45,410.0,3.166,65,,2.0,2008,1,266.0,Desktop,-8.194226880071492,-2.1146095014080526,,,,,,,,-1.32835341339542
Intel Core 2 Duo P7350 x 1,1,Intel,45,420.0,2.667,65,,2.0,2008,1,241.0,Desktop,-14.48771511578101,-3.434332777701456,,,,,,,,-1.9577446067023168
Intel Core 2 Duo T7100 x 1,1,Intel,65,293.0,,35,,2.0,2007,0,,Mobile,-13.261665604070721,-3.1772343264306064,,,,,,,,-1.8351314013815827
Intel Core 2 Duo T7700 x 1,1,Intel,65,293.0,2.4,35,,2.0,2007,0,,Mobile,-10.211893937339262,-2.537707484523055,,,,,,,,-1.5301337026894082
Intel Core 2 Duo T9500 x 1,1,Intel,45,410.0,2.6,35,,2.0,2008,1,530.0,Mobile,-7.2920526240470736,-1.9254265999143345,,,,,,-2.880219386432147,,
Intel Core Ultra 5 245K x 1,1,Intel,3,17800.0,4.2,125,102.4,14.0,2024,17,319.0,Desktop,3.317915180179697,0.2994478969525194,,,-0.28805964466695144,0.35667494393873267,0.02058343836488774,,,0.38701926231741357
Intel Core Ultra 7 155H x 1,1,Intel,7,,3.8,28,89.6,16.0,2023,16,503.0,Mobile,4.083639477649846,0.46001770192345726,,,-0.41000541102694754,,,,,-0.021053409197832273
Intel Core Ultra 7 165U x 1,1,Intel,7,,,15,89.6,12.0,2023,16,448.0,Mobile,0.2932772714415434,-0.33480848059533297,,,,,-1.1809678968385438,,,-0.20018701951559947
Intel Core Ultra 7 256V x 1,1,Intel,3,,2.2,17,,8.0,2024,17,,Mobile,1.04097755221427,-0.1780182511915539,,,,,,,,
Intel Core Ultra 7 258V x 1,1,Intel,3,,2.2,17,,8.0,2024,17,,Mobile,6.393290065800652,0.9443436475877903,,,,,,,,0.13049648892936894
Intel Core Ultra 9 285K x 1,1,Intel,3,17800.0,3.7,125,102.4,24.0,2024,17,589.0,Desktop,3.446429099535366,0.32639683279687925,,0.4437305259938782,-0.2026860633190104,0.45198512374305744,0.4939276561670951,,,0.4134758318542433
Intel Core i3-1005G1 x 1,1,Intel,10,,,15,51.2,2.0,2019,12,,Mobile,1.040977672222376,-0.17801822602625844,,,,,,,,
Intel Core i3-10100 x 1,1,Intel,14,,3.6,65,42.7,4.0,2020,13,122.0,Desktop,-1.337799374144394,-0.6768397570478026,,-0.7440622191745376,-0.8972211691538039,,,,,-0.5108256237659905
Intel Core i3-12100 x 1,1,Intel,10,,3.3,60,,4.0,2022,15,122.0,Desktop,-1.9251870868178267,-0.8000129811154053,,,,,,,-1.2147124730870535,
Intel Core i3-14100 x 1,1,Intel,10,,3.5,60,,4.0,2024,17,134.0,Desktop,0.6698094260678797,-0.2558509565447202,,0.17769973312743303,-0.4518233507102689,0.13353139262452252,-1.080531652753061,-0.9694005571881035,,0.14473884564491168
Intel Core i3-2120 x 1,1,Intel,32,504.0,3.3,65,21.3,2.0,2011,4,138.0,Desktop,-6.055274285959894,-1.6660783499044398,,,,,,,,-1.1144437538847898
Intel Core i3-3110M x 1,1,Intel,22,,2.4,35,,2.0,2012,5,,Mobile,-10.269306497822434,-2.549746704997216,,,,,,,,-1.5358753452570832
Intel Core i3-4130 x 1,1,Intel,22,1400.0,3.4,54,,2.0,2013,6,130.0,Desktop,-5.695416612518861,-1.5906174083715316,,,-1.635830723790507,,,,,-0.8563750785383197
Intel Core i3-7020U x 1,1,Intel,14,1300.0,2.2,15,25.6,2.0,2015,8,281.0,Mobile,-6.1336072067340615,-1.682504499437722,,,,,,-2.4142890825740464,,
Intel Core i3-7100 x 1,1,Intel,14,,3.9,51,38.4,2.0,2017,10,117.0,Desktop,-3.551707104470299,-1.1410887480443832,,,-1.0862317140985551,,,-1.836211231798889,-1.9136694012883204,-0.7262801154123784
Intel Core i3-8100 x 1,1,Intel,14,,3.6,65,38.4,4.0,2017,10,117.0,Desktop,-3.346046945222392,-1.097962505649005,,,-1.069592395094591,,,-1.533930359925955,,-0.851846768913572
Intel Core i3-8100T x 1,1,Intel,14,,3.1,35,38.4,4.0,2018,11,117.0,Desktop,-4.8840651408936555,-1.4204797387270323,,,,,,,,-0.9973149544310029
Intel Core i5 460M x 1,1,Intel,32,382.0,2.534,35,,2.0,2010,3,,Mobile,-19.996949454028822,-4.589600654343612,,,,,,,,-2.5087051304199246
Intel Core i5 x 1,1,Intel,14,,2.4,45,46.9,4.0,2020,13,,Mobile,-7.103571894707223,-1.8859028260823307,,,,,,,,-1.2192805722276887
Intel Core i5-10210U x 1,1,Intel,14,,,25,,4.0,2019,12,,Mobile,-2.3693510224299774,-0.893152661744578,,,-0.9872674498385878,,,-1.0986122886681096,,
Intel Core i5-1035G1 x 1,1,Intel,10,,,15,51.2,4.0,2019,12,,Mobile,-1.5639412055079585,-0.724260937070151,,,,,,,,-0.6652802087771708
Intel Core i5-10600K x 1,1,Intel,14,,4.1,125,42.7,6.0,2020,13,288.0,Desktop,-0.6937301130485547,-0.5417806032719402,,-0.40317663129249937,-0.7671680409056059,,,-0.54654370636807,-0.6126953912689226,-0.4276752554338197
Intel Core i5-1135G7 x 1,1,Intel,10,,,15,,4.0,2020,13,309.0,Mobile,-3.6335719277032874,-1.1582555256220712,,,,,,-1.408767216971949,,
Intel Core i5-11600K x 1,1,Intel,14,,3.9,125,51.2,6.0,2021,14,262.0,Desktop,0.5416887689243828,-0.28271742662833627,-0.5207166543406956,,-0.6033085469513875,,,-0.4924764850977943,-0.6040142015238752,-0.21173115926246489
Intel Core i5-12400 x 1,1,Intel,10,,2.5,65,,6.0,2022,15,199.0,Desktop,0.6680307464542935,-0.2562239396661947,,,-0.48437595374801745,,,-0.6466271649250523,,-0.043371932153527304
Intel Core i5-12600 x 1,1,Intel,10,,3.3,65,,6.0,2022,15,233.0,Desktop,6.393290065800652,0.9443436475877903,,,,,,,,0.13049648892936894
Intel Core i5-12600K x 1,1,Intel,10,,3.7,125,,10.0,2021,14,289.0,Desktop,1.20355411249711,-0.1439264943233069,-0.4725364010081723,-0.09072151103759651,-0.42895515980660903,0.0,,-0.24116205681688818,-0.14799681425288025,0.05278750460205295
Intel Core i5-1334U x 1,1,Intel,10,,,15,,10.0,2023,16,340.0,Mobile,4.093557328831025,0.4620974418966489,,,,,,,,-0.09949226728939387
Intel Core i5-13400 x 1,1,Intel,10,,2.5,65,,10.0,2023,16,221.0,Desktop,0.6624483947261619,-0.2573945400131169,-0.5619022191249083,-0.08167604095314474,,,-0.579101178511138,-0.3746934494414105,-0.2684804914849268,0.034268456834815275
Intel Core i5-13600K x 1,1,Intel,10,,3.5,125,,14.0,2022,15,319.0,Desktop,2.1113279282248523,0.04643061597174686,-0.3801990241208877,-0.003066924230772372,-0.27754114047573086,,-0.04129499207697762,,0.15210777819745847,0.11247798342669046
Intel Core i5-14400F x 1,1,Intel,10,,2.5,65,,10.0,2024,17,196.0,Desktop,4.569012386480778,0.5617987653775628,,,-0.4202970970634947,,,,,0.12244815574654044
Intel Core i5-14500 x 1,1,Intel,10,,2.6,65,,14.0,2024,17,232.0,Desktop,1.699415410746722,-0.03994605095010939,,-0.0675193571888073,-0.33919394390351876,0.35667494393873267,,-0.24116205681688818,,0.21037086060385413
Intel Core i5-14600K x 1,1,Intel,10,,3.5,125,,14.0,2023,16,319.0,Desktop,2.9680850675392336,0.22608970113030802,,,-0.2820355300635704,0.13353139262452252,0.019371011186283482,,,0.2666286632539485
Intel Core i5-2400 x 1,1,Intel,32,1160.0,3.1,95,,4.0,2011,4,184.0,Desktop,-4.430363197523203,-1.3253399700105128,,,,,,-1.729239112246721,,
Intel Core i5-2410M x 1,1,Intel,32,624.0,2.3,35,,2.0,2011,4,,Mobile,-7.855072228031138,-2.0434899137013183,,,,,,,,-1.2944356648959356
Intel Core i5-2500S x 1,1,Intel,32,1160.0,2.7,65,,4.0,2011,4,,Desktop,-4.6992538400138475,-1.3817254316784786,,,,,,,,-0.9788325801354025
Intel Core i5-2520M x 1,1,Intel,32,624.0,2.5,35,,2.0,2011,4,,Mobile,-8.250429333308164,-2.126394966470238,,,,,,,,-1.3339740370916235
Intel Core i5-3320M x 1,1,Intel,22,,2.6,35,,2.0,2012,5,,Mobile,-5.384421357715801,-1.5254027513786714,,,,,,-2.112964233718479,,
Intel Core i5-3427U x 1,1,Intel,22,,,17,,2.0,2012,5,,Mobile,-6.370194659399763,-1.7321160910492361,,,,,,,,-1.1459379113714654
Intel Core i5-3470 x 1,1,Intel,22,1400.0,3.2,77,25.6,4.0,2012,5,184.0,Desktop,-4.281715095912501,-1.294168963992043,,-1.0035567368169538,-1.450606407338591,,,,,
Intel Core i5-3550 x 1,1,Intel,22,1400.0,3.3,77,25.6,4.0,2012,5,194.0,Desktop,-3.866073150108397,-1.2070102485170286,,,,,,,,-0.8955089019112332
Intel Core i5-3570K x 1,1,Intel,22,1400.0,3.4,77,25.6,4.0,2012,5,212.0,Desktop,-4.080966667238303,-1.2520726949472505,,,,,,,,-0.9169997003547543
Intel Core i5-4210U x 1,1,Intel,22,1400.0,,15,,2.0,2014,7,,Mobile,-6.094037431457211,-1.6742068508977193,,,,,,-2.302585092994046,,-1.1938150051441916
Intel Core i5-4278U x 1,1,Intel,22,1400.0,2.4,28,,2.0,2013,6,,Mobile,-6.982366449314365,-1.8604864526011102,,,,,,,,-1.2071592116953438
Intel Core i5-4300M x 1,1,Intel,22,1400.0,2.6,37,,2.0,2013,6,,Mobile,-4.429167824223587,-1.3250893042575507,,,,,,,,-0.9518221602526404
Intel Core i5-4430 x 1,1,Intel,22,1400.0,3.0,84,,4.0,2013,6,187.0,Desktop,-4.497376320721135,-1.3393923961356027,,,,,,,,-0.9586434691033787
Intel Core i5-4460 x 1,1,Intel,22,1400.0,3.2,84,25.6,4.0,2014,7,187.0,Desktop,-4.30705001377041,-1.2994816108975147,,,,,,-1.679642171107349,,
Intel Core i5-4670 x 1,1,Intel,22,1400.0,3.4,84,,4.0,2013,6,224.0,Desktop,-3.4656826123638567,-1.1230497019204826,,-1.0688400398673892,-1.2073760974576437,,,,,
Intel Core i5-5200U x 1,1,Intel,14,1300.0,2.2,15,25.6,2.0,2015,8,281.0,Mobile,-4.889078259418381,-1.4215309727893057,,-1.2769233816534147,,,,,,-1.1283087940219616
Intel Core i5-5300U x 1,1,Intel,14,1300.0,2.3,15,25.6,2.0,2015,8,315.0,Mobile,-5.662440623860207,-1.583702454666735,,,-1.4457871209026418,,,,,-1.1202442341852317
Intel Core i5-6200U x 1,1,Intel,22,1400.0,,15,,2.0,2013,6,,Mobile,-4.825033194221986,-1.4081009384258776,,,,,,,,-0.9914113623422631
Intel Core i5-6260U x 1,1,Intel,10,,3.3,65,,6.0,2022,15,233.0,Desktop,-3.381407705252057,-1.1053775378745023,,-0.8074544541319817,,,,,,-0.9801641382549153
Intel Core i5-6300U x 1,1,Intel,14,1300.0,2.3,15,25.6,2.0,2015,8,315.0,Mobile,-5.438473621933971,-1.536737329049021,,,,,,-2.1347042203548856,,
Intel Core i5-6500 x 1,1,Intel,14,,3.2,65,34.1,4.0,2015,8,202.0,Desktop,-2.4801688070165078,-0.9163907777572989,,-0.7397226357147204,-1.1273333897841074,,,,,-0.7245633767933235
Intel Core i5-6500T x 1,1,Intel,14,,2.5,35,34.1,4.0,2015,8,192.0,Desktop,-4.221705469297269,-1.2815851475011444,,,,,,,,-0.9310745280583914
Intel Core i5-7200U x 1,1,Intel,22,1400.0,,15,,2.0,2013,6,,Mobile,-5.228405211226265,-1.4926866911767052,,,,,,-2.1347042203548856,,-0.9627140310333209
Intel Core i5-7600K x 1,1,Intel,14,,3.8,91,38.4,4.0,2017,10,242.0,Desktop,-3.1363610755759534,-1.0539920853482143,,-1.2613157853649817,-1.0828816272132729,,,-1.408767216971949,,-0.5866039326530688
Intel Core i5-8250U x 1,1,Intel,14,,,15,,4.0,2017,10,,Mobile,-3.7367867018936844,-1.1798993159740645,,,,,,-1.533930359925955,-1.9102239359159174,-0.925468346591793
Intel Core i5-8300H x 1,1,Intel,14,,2.3,45,,4.0,2018,11,,Mobile,-1.5639412055079585,-0.724260937070151,,,,,,,,-0.6652802087771708
Intel Core i5-8400 x 1,1,Intel,14,,2.8,65,42.7,6.0,2017,10,182.0,Desktop,-1.2878523112576492,-0.6663660262636382,,-0.41872189946658267,-0.9455947534380202,,,,,
Intel Core i5-8400H x 1,1,Intel,14,,2.5,45,,4.0,2018,11,,Mobile,-3.21319639493874,-1.0701041929118942,,,,,,-1.239690886928015,,
Intel Core i5-8600K x 1,1,Intel,14,,3.6,95,42.7,6.0,2017,10,257.0,Desktop,-2.511176604770106,-0.9228930084613829,,,,,,,,-0.7600101257890719
Intel Core i5-9400F x 1,1,Intel,14,,2.9,65,42.7,6.0,2019,12,182.0,Desktop,-1.5871312154199162,-0.7291238040069056,-1.2946141907908242,-0.6045427078957779,-0.9781902316874715,,,,,-0.6090329567314683
Intel Core i7 920 x 1,1,Intel,45,731.0,2.666,130,,4.0,2008,1,280.0,Desktop,-8.57212659831734,-2.193853798941492,,,,,,,,-1.3661459293593872
Intel Core i7 990X x 1,1,Intel,32,1170.0,3.466,130,,6.0,2011,4,1000.0,Desktop,-7.835618278677082,-2.0394104860744093,,,,,,,,-1.292490138990444
Intel Core i7- x 1,1,Intel,14,,,25,,4.0,2019,12,,Mobile,-3.361871446926859,-1.1012808503336955,-1.7965195830114915,-0.8497428008930932,-1.1923382200931032,,,-1.1574527886910428,,-0.8757642019741612
Intel Core i7-1065G7 x 1,1,Intel,10,,,15,51.2,4.0,2019,12,,Mobile,-2.173804770469211,-0.8521472716271745,-1.456948807537266,-0.3867143917773994,-0.8671231379965247,,-2.1181118832995747,-1.4522523289116878,,-0.49905448731577895
Intel Core i7-10700T x 1,1,Intel,14,,2.9,65,46.9,8.0,2020,13,325.0,Desktop,-1.6085928005127514,-0.7336242260832444,,-0.5322586933399194,,,,,-1.0283039160048215,
Intel Core i7-1165G7 x 1,1,Intel,10,,2.8,28,,4.0,2020,13,426.0,Mobile,-0.9594359786247444,-0.5974982279524685,-1.239437524823936,-0.2710921960861761,-0.7502389788051582,-0.15415067982725827,-1.5562282029960848,,-1.3902741612603169,
Intel Core i7-11700B x 1,1,Intel,10,,3.2,65,51.2,8.0,2021,14,,Mobile,-0.036770627155684125,-0.40401841279144524,,-0.368177722870211,,,,,,-0.24558488578689008
Intel Core i7-11700K x 1,1,Intel,14,,3.6,125,51.2,8.0,2021,14,399.0,Desktop,1.066281683109679,-0.17271206020837784,,-0.32615828122499124,-0.5237437365390365,,,,,-0.1899754063454031
Intel Core i7-1185G7 x 1,1,Intel,10,,3.0,28,,4.0,2020,13,426.0,Mobile,-0.6450214759875377,-0.5315665662103924,,,-0.7033920055083698,-0.15415067982725827,-1.512413233916039,,-1.2863723360930024,
Intel Core i7-1185G7E x 1,1,Intel,10,,,15,,4.0,2020,13,431.0,Mobile,1.0409780446512016,-0.17801814792918866,,,,,,,,
Intel Core i7-12700K x 1,1,Intel,10,,3.6,125,,12.0,2021,14,409.0,Desktop,1.0498037903331245,-0.17616741879919823,,-0.21497084610469486,-0.4324394838892198,,,,,
Intel Core i7-12700KF x 1,1,Intel,10,,3.6,125,,12.0,2021,14,384.0,Desktop,1.0409794688103797,-0.1780178492878079,,,,,,,,
Intel Core i7-1280P x 1,1,Intel,10,,,28,,14.0,2022,15,,Mobile,-0.6575574133198266,-0.5341953100274868,-0.9385245505917386,,,,,,-0.9616276720448722,
Intel Core i7-2600 x 1,1,Intel,32,1160.0,3.4,95,,4.0,2011,4,294.0,Desktop,-6.364556471027112,-1.7309337819461073,,,,,,,,-1.1453740545761484
Intel Core i7-2700K x 1,1,Intel,32,1160.0,3.5,95,21.3,4.0,2011,4,332.0,Desktop,-4.63027544559413,-1.36726089480042,,,-1.5206350116990741,,,-1.3862943611198904,,-1.0783130841971813
Intel Core i7-3517U x 1,1,Intel,22,,,17,,2.0,2012,5,,Mobile,-6.980326805220815,-1.860058746107541,,,-1.6300336061061804,,,,,
Intel Core i7-3630QM x 1,1,Intel,22,1480.0,2.4,45,25.6,4.0,2012,5,378.0,Mobile,-8.287722903116396,-2.1342153023934447,,,,,,,,-1.337703645144451
Intel Core i7-3632QM x 1,1,Intel,22,1480.0,2.2,35,,4.0,2012,5,,Mobile,-4.040404783493081,-1.2435670046044702,,,,,,-1.5723966407537513,,
Intel Core i7-3770 x 1,1,Intel,22,1400.0,3.4,77,25.6,4.0,2012,5,278.0,Desktop,-6.113275184161996,-1.678240942815779,,,,,,,,-1.1202442341852317
Intel Core i7-3770K x 1,1,Intel,22,1400.0,3.5,77,25.6,4.0,2012,5,313.0,Desktop,-5.2953441536120005,-1.5067235618354387,,-1.609668901736054,-1.4950581699094245,,,,,-0.943574690822623
Intel Core i7-4558U x 1,1,Intel,22,1300.0,2.8,28,,2.0,2013,6,,Mobile,-5.418847859605847,-1.5326218728203962,,,,,,,,-1.05079682662715
Intel Core i7-4600U x 1,1,Intel,22,1300.0,2.1,15,,2.0,2013,6,,Mobile,-5.4501086495574285,-1.5391771551359068,-2.2031162040452763,,,,,,,-1.0070774790866626
Intel Core i7-4770K x 1,1,Intel,22,1400.0,3.5,84,25.6,4.0,2013,6,350.0,Desktop,-3.2429766756455543,-1.0763490174275474,,-1.0072230690672193,-1.1998288918222606,,,,,-0.8014289570921882
Intel Core i7-4790 x 1,1,Intel,22,1400.0,3.6,84,25.6,4.0,2014,7,312.0,Desktop,-3.0818214246069138,-1.0425553043185212,,-0.9546536456123391,,,,,,-0.7886185337065479
Intel Core i7-4790K x 1,1,Intel,22,1400.0,4.0,88,25.6,4.0,2014,7,350.0,Desktop,-2.432888508541034,-0.9064762584841652,-1.4990301710241205,-0.9607117929312139,-1.0181340978191153,,,-1.0360919316867756,,-0.6003161945170508
Intel Core i7-4960X x 1,1,Intel,22,1860.0,3.6,130,,6.0,2013,6,1000.0,Desktop,-4.166975119044924,-1.2701083774743285,,-1.0888360553890415,-1.3806478187316804,,,,,
Intel Core i7-5500U x 1,1,Intel,14,1300.0,2.4,15,25.6,2.0,2015,8,393.0,Mobile,-5.466125498359203,-1.5425358343587643,,,-1.4554490318143785,,,,,
Intel Core i7-5557U x 1,1,Intel,14,1900.0,3.1,28,29.9,2.0,2015,8,426.0,Mobile,-5.06410338580038,-1.4582331520214686,,,,,,-1.9841313618755105,,
Intel Core i7-5600U x 1,1,Intel,14,1300.0,2.6,15,25.6,2.0,2015,8,393.0,Mobile,-4.664562993995091,-1.3744508781637055,,-1.125889897903054,-1.4173491855821085,,,,,-1.0825261509164852
Intel Core i7-5820K x 1,1,Intel,22,2600.0,3.3,140,68.3,6.0,2014,7,389.0,Desktop,-4.298275697233904,-1.297641666286021,,,,,,,,-0.9387320663468355
Intel Core i7-5960X x 1,1,Intel,22,2600.0,3.0,140,68.3,8.0,2014,7,1000.0,Desktop,-1.096110851972185,-0.626158488349497,,-0.6971984184541284,-1.1923382200931032,0.0,-1.043993155367355,-0.54654370636807,,-1.0637320239218893
Intel Core i7-6500U x 1,1,Intel,22,1300.0,,15,,2.0,2013,6,,Mobile,-5.668141983278314,-1.584898010525233,,,,,,-2.2270775404859,,
Intel Core i7-6700 x 1,1,Intel,14,,3.4,65,34.1,4.0,2015,8,303.0,Desktop,-1.4876691180495907,-0.7082669373389439,-1.0145242203701859,,-1.0339322146957066,,,-1.2130226398458537,,
Intel Core i7-6700HQ x 1,1,Intel,22,1400.0,2.4,47,25.6,4.0,2013,6,,Mobile,-3.4136703103699024,-1.1121428974546308,,,-1.218804793281266,,,,,
Intel Core i7-6700K x 1,1,Intel,14,,4.0,91,34.1,4.0,2015,8,339.0,Desktop,-3.1976334446500356,-1.066840694677757,,,,,,-1.128465251817791,,-0.912026333087697
Intel Core i7-6800K x 1,1,Intel,14,3400.0,3.4,140,76.8,6.0,2016,9,434.0,Desktop,-1.1503644906796513,-0.6375352935716941,-1.0373636023155672,-0.31502193242900844,,,,-0.8602012652231115,,
Intel Core i7-7700 x 1,1,Intel,14,,3.6,65,38.4,4.0,2017,10,312.0,Desktop,-2.3350847948644904,-0.885967149288648,,-0.637295763180969,-0.9933650297067063,,,-1.0986122886681096,,-0.7466543346075154
Intel Core i7-7700K x 1,1,Intel,14,,4.2,91,38.4,4.0,2017,10,340.0,Desktop,-1.5778415147391978,-0.7271757850770251,-1.2115044964722586,-0.4652996763797681,,,,-0.9694005571881035,,-0.5308368233853793
Intel Core i7-7740K x 1,1,Intel,14,,4.3,112,,4.0,2017,10,350.0,Desktop,-1.0090562140260422,-0.6079034241142229,,-0.45399983193528115,-0.8563991746335491,,,,,
Intel Core i7-7900X x 1,1,Intel,14,,3.5,140,76.8,6.0,2017,10,383.0,Desktop,0.9740624697778933,-0.1920501184993065,-0.4990225224365048,0.14592180808078936,-0.8916809887781882,,,,,-0.49905448731577895
Intel Core i7-8086K x 1,1,Intel,14,,4.0,95,42.7,6.0,2018,11,425.0,Desktop,-0.8097938977248221,-0.566118787826393,,-0.40682958715475337,-0.7033920055083698,,,-0.6466271649250523,,-0.46622878297356074
Intel Core i7-8550U x 1,1,Intel,14,,,15,,4.0,2017,10,,Mobile,-3.213855172293476,-1.0702423363033455,,-0.8816298048752778,-1.0762149358550843,,,-1.5141277326297753,,
Intel Core i7-8559U x 1,1,Intel,14,,2.7,28,,4.0,2018,11,,Mobile,-3.3077223043087276,-1.0899259575893188,,,,,,,,-0.8396700583383172
Intel Core i7-8565U x 1,1,Intel,14,,,15,38.4,4.0,2018,11,409.0,Mobile,-2.6572283666699774,-0.9535195707911991,-1.3588847168495235,-0.8114320214636095,-1.0087736550595512,,-1.9664191041599803,-1.745239453593162,-1.65242688251932,
Intel Core i7-8700 x 1,1,Intel,14,,3.2,65,42.7,6.0,2017,10,303.0,Desktop,-1.3147526534697547,-0.6720069373812818,,,,,,,,-0.6403596759578924
Intel Core i7-8700B x 1,1,Intel,14,,3.2,65,42.7,6.0,2018,11,303.0,Desktop,-1.106217054851035,-0.6282777250390145,,,-0.8379045919973844,,,,,-0.7837719975640187
Intel Core i7-8700K x 1,1,Intel,14,,3.7,95,42.7,6.0,2017,10,359.0,Desktop,-1.0971729087633895,-0.6263811980798728,-1.148500333719559,-0.49152693350253074,-0.7893637732973904,,,-0.6466271649250523,,-0.5934835666666061
Intel Core i7-8809G x 1,1,Intel,14,,3.1,65,,4.0,2018,11,,Mobile,-1.7410222401193804,-0.7613942333303712,,-0.49925056487353814,,,,,,
Intel Core i7-9700TE x 1,1,Intel,14,,,35,42.7,8.0,2019,12,323.0,Desktop,-1.81023941601582,-0.7759088418794928,,,-1.0339322146957066,,,,,
Intel Core i7-9750H x 1,1,Intel,14,,2.6,45,42.7,6.0,2019,12,,Mobile,-1.8593378720274365,-0.7862046226614351,-1.3538768310957678,-0.5155203916931832,-0.8889223663391093,,,-1.0033021088637848,,-0.6860297127910808
Intel Core i7-9850H x 1,1,Intel,14,,2.6,45,42.7,6.0,2019,12,,Mobile,-3.391590577102693,-1.1075128517890571,,,,,,,,-0.8480574502452214
Intel Core i9-10850K x 1,1,Intel,14,,3.6,125,46.9,10.0,2020,13,500.0,Desktop,1.1888816469108054,-0.1470032609159558,,,,,,,,-0.38997939066878384
Intel Core i9-10885H x 1,1,Intel,14,,2.4,45,46.9,8.0,2020,13,556.0,Mobile,-2.036975966437861,-0.8234547324844199,,-0.5907098271982534,,,,,,
Intel Core i9-10900K x 1,1,Intel,14,,3.7,125,46.9,10.0,2020,13,547.0,Desktop,0.8767148777110139,-0.2124635805302389,-0.3203646694692619,-0.5488364294037282,-0.689755430558824,,,0.09531017980432521,-0.12335711031573116,
Intel Core i9-10900KF x 1,1,Intel,14,,3.7,125,46.9,10.0,2020,13,509.0,Desktop,2.8599628601137725,0.20341683856516213,,,-0.49546664044217525,,,,,
Intel Core i9-10980XE x 1,1,Intel,14,,3.0,165,93.9,18.0,2019,12,1076.0,Desktop,1.1556355731859813,-0.15397485054904114,,0.09800837028710419,-0.8563991746335491,0.13353139262452252,0.02401805140815938,0.3184537311185349,0.24328365886332826,
Intel Core i9-11900K x 1,1,Intel,14,,3.5,125,51.2,8.0,2021,14,539.0,Desktop,1.4263834364437098,-0.09719993594436721,-0.24714224939959273,,-0.5123367687456604,,,-0.16705408466316607,-0.2543092576360886,-0.20018701951559947
Intel Core i9-11980HK x 1,1,Intel,10,,2.6,45,51.2,8.0,2021,14,583.0,Mobile,-1.0348255613497872,-0.6133071694148131,,-0.28101297719428686,,,,,,
Intel Core i9-12900H x 1,1,Intel,10,,2.5,45,,14.0,2022,15,,Mobile,-0.7741237719640978,-0.558638882649541,,-0.20044770220839325,,,,,,
Intel Core i9-12900K x 1,1,Intel,10,,3.2,125,,16.0,2021,14,599.0,Desktop,2.4300181455836976,0.11325888068336842,-0.03711880551164981,,-0.3109789061030588,,,0.2006706954621511,0.29961391530604775,
Intel Core i9-13900K x 1,1,Intel,10,,3.0,125,,24.0,2022,15,589.0,Desktop,3.08787062549438,0.25120832900033796,0.03302502654970141,0.16986120208102662,-0.14214303086336866,0.35667494393873267,0.4039396027509419,0.6061358035703157,,0.22137207166582762
Intel Core i9-14900K x 1,1,Intel,10,,3.2,125,,24.0,2023,16,589.0,Desktop,3.371650781714519,0.3107160715252073,-0.018454606009763452,,-0.15132342320832937,0.35667494393873267,0.4860968883709518,0.4519851237430572,,0.3766295584682773
Intel Core i9-7960X x 1,1,Intel,14,,2.8,165,85.3,16.0,2017,10,1699.0,Desktop,0.08968386407185701,-0.37750133208604025,,0.1922474837028787,,,,0.09531017980432521,,-0.5895581445505007
Intel Core i9-7980XE x 1,1,Intel,14,,2.6,165,85.3,18.0,2017,10,1999.0,Desktop,0.8391515710970269,-0.22034047935269865,-0.5579794161901912,0.24374384995696374,-0.8834278470214683,,,0.2006706954621511,,
Intel Core i9-9900 x 1,1,Intel,14,,3.1,65,42.7,8.0,2019,12,423.0,Desktop,0.7741841248236327,-0.2339639339198896,,,-0.7359530215576822,,,,,
Intel Core i9-9900K x 1,1,Intel,14,,3.6,95,42.7,8.0,2018,11,488.0,Desktop,-0.24094520803408842,-0.44683313440859024,-0.8840626652562271,-0.4554830477567009,-0.689755430558824,,,-0.24116205681688818,-0.5580369787310584,-0.46622878297356074
Intel Core i9-9900KS x 1,1,Intel,14,,4.0,127,42.7,8.0,2019,12,513.0,Desktop,-0.13171404621936844,-0.42392772784478416,-0.8398746489912359,-0.3063882575917525,-0.6807666059903905,,,-0.3746934494414105,,
Intel Core m3-6Y30 x 1,1,Intel,14,,,5,29.9,2.0,2015,8,281.0,Mobile,-9.400639038087153,-2.3675900657797806,,,,,,,,-1.4490027511418697
Intel Core m3-7Y30 x 1,1,Intel,14,,,5,29.9,2.0,2015,8,281.0,Mobile,-6.031979396416799,-1.6611934900624417,,,,,,,,-1.1121141081019807
Intel N150 x 1,1,Intel,10,,,6,38.4,4.0,2024,17,,Mobile,0.0231417850656615,-0.39145498183136795,,,,,,,,-0.5065612249795324
Intel Pentium G4400 x 1,1,Intel,14,1400.0,3.3,51,34.1,2.0,2015,8,64.0,Desktop,-2.7000812099088622,-0.9625056676201118,,,,,,,,-0.7789018580679752
Intel Pentium Gold G6400 x 1,1,Intel,14,,4.0,58,42.7,2.0,2020,13,64.0,Desktop,-1.3193357111669208,-0.6729679891371629,,,-1.0307525617783266,,,,,-0.563660282831929
Intel Xeon 6369P x 1,1,Intel,10,,3.3,95,,8.0,2025,18,606.0,Server/Workstation,5.471175424497778,0.7509793144929261,,,-0.19439872307044048,,,,,
Intel Xeon 6728P x 4,4,Intel,5,,2.7,210,409.6,24.0,2025,18,2478.0,Server/Workstation,1.0409787475757983,-0.17801800052826933,,,,,,,,
Intel Xeon 6766E x 1,1,Intel,5,,,250,409.6,144.0,2024,17,10257.0,Server/Workstation,5.4231418467328885,0.7409068350910754,,,,,1.6437510400523934,,,
Intel Xeon 6766E x 2,2,Intel,5,,,250,409.6,144.0,2024,17,10257.0,Server/Workstation,6.804708283904506,1.0306166615964676,,,,,2.2947203420362605,,,
Intel Xeon 6780E x 1,1,Intel,5,,2.2,330,409.6,144.0,2024,17,11350.0,Server/Workstation,5.464219183105613,0.7495206141129577,,,,,1.6631059434913134,,,
Intel Xeon 6980P x 1,1,Intel,5,,,500,614.4,128.0,2024,17,12460.0,Server/Workstation,6.285373692011756,0.9217139476426487,,2.37211184347413,-0.5294963890284867,2.3848231912310176,2.133004127875406,,,-0.15718558352241185
Intel Xeon 6980P x 2,2,Intel,5,,,500,614.4,128.0,2024,17,12460.0,Server/Workstation,7.7093654856249945,1.2203202284360404,,3.074600337270933,-0.5218335162829177,3.1898882879949486,2.675660887522014,,,-0.15566928300444793
Intel Xeon E E-2488 x 1,1,Intel,10,,3.2,95,76.8,8.0,2023,16,606.0,Server/Workstation,3.396965114350006,0.31602440177890156,,,-0.2582955427604974,,-0.32849215314342217,,,0.27593105591626266
Intel Xeon E-2278G x 1,1,Intel,14,,3.4,95,42.7,8.0,2019,12,494.0,Server/Workstation,-0.8195258078298944,-0.5681595365824779,-1.2136402629654395,,-0.7696100445611576,,,,,
Intel Xeon E-2278GEL x 1,1,Intel,14,,,35,42.7,8.0,2019,12,519.0,Server/Workstation,-0.9117845855559811,-0.587505891393574,-0.7995528993871073,-1.1197142427767766,,,,-0.54654370636807,,
Intel Xeon E-2288G x 1,1,Intel,14,,3.7,95,42.7,8.0,2019,12,539.0,Server/Workstation,-0.6194208291575601,-0.5261981968348868,,-0.5369094548643076,-0.7574592267786455,,,,,-0.5108256237659905
Intel Xeon E-2336 x 1,1,Intel,14,,2.9,65,51.2,6.0,2021,14,284.0,Server/Workstation,0.21793386151587957,-0.3506077397772331,,-0.6647208311946962,-0.5352823260955306,-0.5596157879354227,,,,-0.2259764143985139
Intel Xeon E-2388G x 1,1,Intel,14,,3.2,95,51.2,8.0,2021,14,539.0,Server/Workstation,-0.022390400791329156,-0.40100292777890073,-1.0537418725825383,-0.672185932828345,-0.4880591991643133,-0.5596157879354227,,,,-0.2231435513142097
Intel Xeon E3-1231 v3 x 1,1,Intel,22,1400.0,3.4,80,25.6,4.0,2014,7,250.0,Server/Workstation,-3.172760860266875,-1.061624997544047,,-0.9417040513337227,,,,,,
Intel Xeon E3-1235L v5 x 1,1,Intel,14,1750.0,,25,34.1,4.0,2015,8,250.0,Server/Workstation,-3.267215212756956,-1.0814317569848755,,-0.8338846399417044,-1.2499357118764394,,,,,-0.8578799697177404
Intel Xeon E3-1240 v5 x 1,1,Intel,14,1750.0,3.5,80,34.1,4.0,2015,8,282.0,Server/Workstation,-2.378408614814475,-0.8950520083468605,,-0.8487626975484908,-1.0275829870170474,,,,,
Intel Xeon E3-1245 v5 x 1,1,Intel,14,1750.0,3.5,80,34.1,4.0,2015,8,294.0,Server/Workstation,-2.0525409140274804,-0.8267186495458286,-1.4389875406587755,-0.716816071451742,-1.0181340978191153,,,,,-0.6109597396011681
Intel Xeon E3-1260L v5 x 1,1,Intel,14,1750.0,2.9,45,34.1,4.0,2015,8,294.0,Server/Workstation,-1.910525805590928,-0.7969385598452366,,-0.7298990314902376,-1.0339322146957066,,,,,-0.5954405144535668
Intel Xeon E3-1270 v5 x 1,1,Intel,14,1750.0,3.6,80,34.1,4.0,2015,8,339.0,Server/Workstation,-2.373007111129843,-0.8939193312252689,,-0.9055334238385484,-0.9995000182742224,,,,,
Intel Xeon E3-1275 v6 x 1,1,Intel,14,1400.0,4.1,79,,4.0,2017,10,340.0,Server/Workstation,-1.8182798537239688,-0.7775948945735811,-1.332093864530048,-0.6402493979699209,,,,,-1.2473143215679885,-0.563660282831929
Intel Xeon E3-1280 v5 x 1,1,Intel,14,1750.0,3.7,80,,4.0,2015,8,612.0,Server/Workstation,-2.2898080311889686,-0.8764727645118906,-1.444483099093775,-0.7709482611149063,-1.0339322146957066,,-1.6118829934438974,-1.239690886928015,,
Intel Xeon E3-12xx v2 x 1,1,Intel,32,1160.0,,25,,4.0,2012,5,,Server/Workstation,-10.269306497822434,-2.549746704997216,,,,,,,,-1.5358753452570832
Intel Xeon E5-1680 v3 x 1,1,Intel,22,2600.0,3.2,140,68.3,8.0,2014,7,,Server/Workstation,-1.501526618248381,-0.7111728084359639,-1.2006906373497976,-0.11681423161581606,-1.1343509624427535,,,,,-0.8427281646971378
Intel Xeon E5-2609 v4 x 1,1,Intel,32,1270.0,2.4,80,,4.0,2012,5,306.0,Server/Workstation,-3.5783849111265575,-1.1466829942058288,-1.8555853489896244,-0.3449887179773867,,,,,-1.5614327161703532,-1.5282124725115143
Intel Xeon E5-2620 v2 x 2,2,Intel,22,1400.0,2.1,80,,6.0,2013,6,320.0,Server/Workstation,-1.4898202414794264,-0.7087180206736875,,,,,,-0.54654370636807,,
Intel Xeon E5-2643 v3 x 2,2,Intel,22,2600.0,3.4,135,68.3,6.0,2014,7,1552.0,Server/Workstation,-0.3472821479757397,-0.4691316323980744,,,,,,-0.08701137698962969,,
Intel Xeon E5-2650 0 x 2,2,Intel,32,2270.0,,95,,8.0,2012,5,1107.0,Server/Workstation,-2.3587580150442045,-0.8909313437903106,,,-1.659361221200701,,-0.8448509243143576,,,
Intel Xeon E5-2670 0 x 2,2,Intel,32,2270.0,2.6,115,,8.0,2012,5,,Server/Workstation,1.0409801037835522,-0.17801771613607326,,,,,,,,
Intel Xeon E5-2678 v3 x 2,2,Intel,22,2600.0,2.5,120,68.3,12.0,2015,8,,Server/Workstation,-4.141188495640844,-1.264701009437906,,,-1.3026862772619685,,,,,
Intel Xeon E5-2680 v2 x 2,2,Intel,22,1400.0,2.8,115,,10.0,2013,6,,Server/Workstation,-1.3762222718465802,-0.6848969092249526,,,-1.3761534291438409,,,0.2006706954621511,,
Intel Xeon E5-2683 v4 x 2,2,Intel,22,2600.0,,120,68.3,14.0,2014,7,1846.0,Server/Workstation,0.9928282098422633,-0.18811500604143302,,,,,,0.4519851237430572,,
Intel Xeon E5-2687W 0 x 2,2,Intel,32,2270.0,3.1,150,,8.0,2012,5,,Server/Workstation,0.7661917670772932,-0.23563990440799826,,,,,-0.5505202314279316,,,
Intel Xeon E5-2687W v3 x 1,1,Intel,22,2600.0,3.1,160,68.3,10.0,2014,7,2141.0,Server/Workstation,-1.8907299844745056,-0.7927874428617412,-1.2867561973057473,-0.20967278965265024,-1.2303656156823424,,,,,-0.8342957651725404
Intel Xeon E5-2690 v4 x 2,2,Intel,14,3400.0,2.2,105,68.3,12.0,2016,9,1166.0,Server/Workstation,1.0409785257942115,-0.17801804703512075,,,,,,,,
Intel Xeon E5-2696 v4 x 2,2,Intel,22,5690.0,2.3,145,68.3,18.0,2014,7,,Server/Workstation,2.772505711014596,0.1850773690974109,,0.6235864281892134,,0.6931471805599452,,,,
Intel Xeon E5-2699 v4 x 2,2,Intel,14,7200.0,2.4,145,76.8,22.0,2016,9,4938.0,Desktop,2.2827588049617598,0.08237909316463005,,0.7442277677603535,,,,,,
Intel Xeon E5-4620 v4 x 4,4,Intel,14,3400.0,3.5,140,76.8,4.0,2016,9,294.0,Desktop,0.6608282764350282,-0.25773427335956633,,,,,,0.3184537311185349,,
Intel Xeon Gold 5215 x 1,1,Intel,10,,2.9,150,281.6,8.0,2023,16,1076.0,Server/Workstation,-2.541171864148436,-0.9291829132800542,,,,,,-0.9694005571881035,,
Intel Xeon Gold 5217 x 1,1,Intel,10,,3.0,150,187.7,12.0,2021,14,,Server/Workstation,-1.919039854930841,-0.7987239273026093,,,-1.1168985124915274,,,-0.54654370636807,,-0.737367649039312
Intel Xeon Gold 5218 x 1,1,Intel,14,,2.5,150,128.0,18.0,2021,14,,Server/Workstation,-0.8604071809955457,-0.5767322227801608,,,-1.0371220100638068,,,0.0,,-0.6680112072884024
Intel Xeon Gold 5218 x 2,2,Intel,14,,2.5,150,128.0,18.0,2021,14,,Server/Workstation,-0.9844510874294038,-0.6027438119771122,,0.258747181576517,-1.1849032416055847,,,,,
Intel Xeon Gold 5220R x 1,1,Intel,10,,2.2,185,191.6,26.0,2021,14,,Server/Workstation,-0.36995199935693696,-0.47388542384367094,-1.0910160670212292,0.6193443760782742,-0.9751827106235158,,,,,-0.6887047032403837
Intel Xeon Gold 5220R x 2,2,Intel,10,,2.2,185,191.6,26.0,2021,14,,Server/Workstation,0.6509798443866676,-0.25979945637452273,-1.071253671040374,1.185941114644745,-1.0435322884247258,,,,0.5568588555719653,-0.6779615381415711
Intel Xeon Gold 5412U x 1,1,Intel,10,,2.1,185,281.6,24.0,2023,16,1113.0,Server/Workstation,2.1374810653175325,0.05191484069365282,,,-0.5787674380352694,,,,,
Intel Xeon Gold 5416S x 1,1,Intel,10,,,150,281.6,16.0,2023,16,944.0,Server/Workstation,2.019406685798078,0.027155041175547012,,,,,0.03997213935198829,,,
Intel Xeon Gold 6130 x 2,2,Intel,10,,,205,204.8,28.0,2021,14,,Server/Workstation,-4.531306881999176,-1.3465075205021266,,,,,,,,-0.9620367536623586
Intel Xeon Gold 6138 x 2,2,Intel,10,,2.2,185,170.7,32.0,2021,14,,Server/Workstation,0.6699046517799,-0.25583098803378507,,,-1.0087736550595512,,,0.7884573603642704,,
Intel Xeon Gold 6140 x 2,2,Intel,14,8000.0,3.0,200,,18.0,2017,10,,Server/Workstation,1.8294012280368732,-0.012688463068641853,,,,,,0.7884573603642704,,
Intel Xeon Gold 6142 x 2,2,Intel,10,,2.8,230,204.8,24.0,2021,14,,Server/Workstation,-4.652512327392036,-1.371923893983348,,,,,,,,-0.9741581141947036
Intel Xeon Gold 6144 x 2,2,Intel,14,8000.0,3.0,200,,18.0,2017,10,,Server/Workstation,1.040978317905913,-0.17801809062859641,,,,,,,,
Intel Xeon Gold 6226R x 1,1,Intel,10,,2.9,185,204.8,16.0,2021,14,,Server/Workstation,0.08703690725965041,-0.3780563900102915,-1.074096303836244,0.6137731420879895,-1.0181340978191153,,,0.2006706954621511,0.04903559305764382,-0.6984522327896379
Intel Xeon Gold 6226R x 2,2,Intel,10,,2.9,185,204.8,16.0,2021,14,,Server/Workstation,-2.176964551365887,-0.8528098670339109,,,-1.0762149358550843,,,,,
Intel Xeon Gold 6248R x 2,2,Intel,10,,2.6,235,204.8,28.0,2021,14,,Server/Workstation,-0.4095616288688659,-0.4821914296824754,-0.9357606757247865,,,,,,,-0.7533545271773354
Intel Xeon Gold 6254 x 2,2,Intel,14,8000.0,3.0,200,,18.0,2017,10,,Server/Workstation,-2.4044166331397068,-0.9005058021522292,,,-1.1343509624427535,,,,,-0.7028517119491227
Intel Xeon Gold 6254 x 4,4,Intel,14,8000.0,3.0,200,,18.0,2017,10,,Server/Workstation,-3.5139392628768213,-1.133168958925932,,,-1.2303656156823424,,,,,
Intel Xeon Gold 6258R x 1,1,Intel,10,,2.9,185,204.8,16.0,2021,14,,Server/Workstation,-0.06547596682326318,-0.4100378257933258,-1.0335112772521224,0.7244669684975342,-0.9225389771380943,,,,,-0.6625417314838673
Intel Xeon Gold 6338 x 1,1,Intel,10,,2.2,185,170.7,32.0,2021,14,,Server/Workstation,1.0409803681243543,-0.17801766070469777,,,,,,,,
Intel Xeon Gold 6338 x 2,2,Intel,10,,2.2,185,170.7,32.0,2021,14,,Server/Workstation,1.040978675178158,-0.17801801570981055,,,,,,,,
Intel Xeon Gold 6342 x 1,1,Intel,10,,2.8,230,204.8,24.0,2021,14,,Server/Workstation,1.8326367658228213,-0.012009981697497951,,1.0162818211400158,,,,,0.40607879330692764,-0.5626506916305765
Intel Xeon Gold 6342 x 2,2,Intel,10,,2.8,230,204.8,24.0,2021,14,,Server/Workstation,3.165311880364331,0.2674474991980912,,1.6223935207202196,,,,,0.9960778484919874,-0.5626506916305765
Intel Xeon Gold 6346 x 1,1,Intel,10,,3.1,205,204.8,16.0,2021,14,,Server/Workstation,1.323088532825271,-0.11886052916741452,,0.8900844657795304,,,,,0.08712292810804545,-0.5339601991676473
Intel Xeon Gold 6346 x 2,2,Intel,10,,3.1,205,204.8,16.0,2021,14,,Server/Workstation,2.6799443703131227,0.1656675678499019,,1.4874520446384167,,,,,0.6993010461343241,-0.5329201574722333
Intel Xeon Gold 6414U x 1,1,Intel,10,,,250,307.2,32.0,2023,16,2296.0,Server/Workstation,1.040977525741224,-0.17801825674286242,,,,,,,,
Intel Xeon Gold 6442Y x 1,1,Intel,10,,2.6,225,307.2,24.0,2023,16,2065.0,Server/Workstation,3.689808501239753,0.37743267323544194,,1.414468992586393,-0.5104481940577923,,,,,
Intel Xeon Gold 6442Y x 2,2,Intel,10,,2.6,225,307.2,24.0,2023,16,2065.0,Server/Workstation,4.705782476832951,0.5904789924596375,,1.9937729895772627,-0.5180239878662496,,,,,
Intel Xeon Gold 6444Y x 2,2,Intel,10,,3.6,270,307.2,16.0,2023,16,1517.0,Server/Workstation,6.355602116554658,0.9364406116253984,,,,1.8382794848629478,,,,
Intel Xeon L5640 x 2,2,Intel,32,1170.0,2.266,60,,6.0,2010,3,,Server/Workstation,-1.662104762014344,-0.7448455040945485,,,,,,,-1.0986122886681091,
Intel Xeon Max 9468 x 1,1,Intel,10,,2.1,350,307.2,48.0,2023,16,9900.0,Server/Workstation,3.227439162018032,0.28047538081484,,,-0.6542749905434144,,1.030604636233992,,,
Intel Xeon Max 9468 x 2,2,Intel,10,,2.1,350,307.2,48.0,2023,16,9900.0,Server/Workstation,4.118121825126668,0.46724853399654986,,,-0.714899612359849,,1.792399931755714,,,
Intel Xeon Max 9480 x 1,1,Intel,10,,,350,307.2,56.0,2023,16,12980.0,Server/Workstation,3.61503293102725,0.3617524881279812,,1.4511211136040245,-0.6564560164897744,,1.1226154473266945,,,-0.21745363553653085
Intel Xeon Max 9480 x 2,2,Intel,10,,,350,307.2,56.0,2023,16,12980.0,Server/Workstation,5.709753106712576,0.801008250534546,,,-0.687500638171735,2.6790626642289572,,,,-0.26888957310241324
Intel Xeon Platinum 8253 x 1,1,Intel,14,8000.0,2.2,125,,16.0,2018,11,,Server/Workstation,-3.2817564702706803,-1.0844810096868271,,,-1.2035953746177377,,,,,
Intel Xeon Platinum 8259L x 2,2,Intel,10,,,350,307.2,56.0,2023,16,,Server/Workstation,-2.3575265821628784,-0.8906731164645711,,,-1.059740098651579,,,,,-0.7974433001619845
Intel Xeon Platinum 8260 x 2,2,Intel,14,8000.0,2.4,165,,24.0,2018,11,,Server/Workstation,2.0128475298803856,0.02577960828154391,,,,,,,0.5231714595882906,
Intel Xeon Platinum 8272CL x 2,2,Intel,10,,,350,307.2,56.0,2023,16,,Server/Workstation,-1.7004510159581854,-0.7528865843338349,,,-1.0212738178237828,,,,,
Intel Xeon Platinum 8280 x 1,1,Intel,14,8000.0,2.7,205,,28.0,2018,11,,Server/Workstation,-0.01086832241971672,-0.3985867867695294,-1.0419646758841061,0.6623669719858292,-0.9485144635413549,,,,,
Intel Xeon Platinum 8280 x 2,2,Intel,14,8000.0,2.7,205,,28.0,2018,11,,Server/Workstation,2.392060622030167,0.1052993158970521,,1.3147742096719774,-0.9543795829937523,,,1.2992829841302609,1.0542138750796566,-0.6680112072884024
Intel Xeon Platinum 8362 x 1,1,Intel,10,,2.8,265,204.8,32.0,2021,14,,Server/Workstation,2.5215641153179655,0.13245576206048038,,1.0477149917904782,,,,,0.6028691612207986,
Intel Xeon Platinum 8362 x 2,2,Intel,10,,2.8,265,204.8,32.0,2021,14,,Server/Workstation,3.0412702645591194,0.24143639033824815,,1.7032280397825268,-0.7647319861077255,,,,1.2267245613093518,-0.5443015529623798
Intel Xeon Platinum 8380 x 1,1,Intel,10,,2.3,270,204.8,40.0,2021,14,,Server/Workstation,2.35446797455655,0.0974162643951959,,1.0221340552222564,-0.794363783714096,,0.7670164751751116,,0.7682939176212749,-0.5915227817246658
Intel Xeon Platinum 8380 x 2,2,Intel,10,,2.3,270,204.8,40.0,2021,14,,Server/Workstation,3.860681235095171,0.4132641097468125,,1.7131930060457528,-0.835290211423314,1.7676619176489947,,,1.3279097055566975,-0.6356758266454658
Intel Xeon Platinum 8462Y+ x 1,1,Intel,10,,2.8,300,307.2,32.0,2023,16,5945.0,Server/Workstation,3.8267509877983352,0.406149051221089,,1.434894091709893,-0.48437595374801745,,,,,
Intel Xeon Platinum 8462Y+ x 2,2,Intel,10,,2.8,300,307.2,32.0,2023,16,5945.0,Server/Workstation,6.925666021411024,1.055981091568607,,2.0579977526481343,,2.1316272948504063,,,,
Intel Xeon Platinum 8468 x 1,1,Intel,10,,2.1,350,307.2,48.0,2023,16,7214.0,Server/Workstation,3.5115241720093215,0.34004705014827474,,1.4610351979437084,-0.5787674380352694,,,,,
Intel Xeon Platinum 8468 x 2,2,Intel,10,,2.1,350,307.2,48.0,2023,16,7214.0,Server/Workstation,6.711817828981192,1.011137846205632,,2.112950088538053,,,,,,
Intel Xeon Platinum 8471N x 1,1,Intel,10,,,300,307.2,52.0,2023,16,5171.0,Server/Workstation,4.554134308660618,0.5586788825923119,,1.4461561760114954,,,,,,
Intel Xeon Platinum 8480+ x 1,1,Intel,10,,,350,307.2,56.0,2023,16,10710.0,Server/Workstation,4.157965453702695,0.47560360865060514,,,,,,,,-0.09305102118653696
Intel Xeon Platinum 8490H x 1,1,Intel,10,,,350,307.2,60.0,2023,16,17000.0,Server/Workstation,3.648023343607818,0.36867046648059976,,1.457947776259207,-0.6564560164897744,,1.3801939116396582,,1.1817271953786168,-0.30482158232847656
Intel Xeon Platinum 8490H x 2,2,Intel,10,,,350,307.2,60.0,2023,16,17000.0,Server/Workstation,5.359324299932594,0.7275245105686562,,2.1223328635878573,-0.6830062485838955,2.197224577336219,2.081928317487659,,1.6992418072954036,-0.30482158232847656
Intel Xeon Platinum x 2,2,Intel,10,,,350,307.2,56.0,2023,16,,Server/Workstation,1.0409805330428175,-0.17801762612185176,,,,,,,,
Intel Xeon Silver 4108 x 1,1,Intel,10,,2.1,120,170.7,12.0,2021,14,,Server/Workstation,-2.9259059950571165,-1.0098603641194386,,,,,,-1.0360919316867756,,-0.8713230399741931
Intel Xeon Silver 4210 x 2,2,Intel,10,,2.1,120,170.7,12.0,2021,14,,Server/Workstation,0.10602507457756069,-0.3740746353068484,,,,,,0.09531017980432521,,
Intel Xeon Silver 4214 x 2,2,Intel,10,,2.4,135,170.7,16.0,2021,14,,Server/Workstation,-7.362100431943484,-1.9401153891949265,,,,,,,,-1.2451351664464818
Intel Xeon Silver 4214R x 1,1,Intel,10,,2.4,135,170.7,16.0,2021,14,,Server/Workstation,-1.4127123120038965,-0.6925487476879608,,,-1.1414181296658459,,,-0.24116205681688818,,
Intel Xeon Silver 4215R x 1,1,Intel,14,8000.0,2.1,85,,12.0,2017,10,,Server/Workstation,-1.7436714226604706,-0.7619497579824693,,,-1.1134442776234401,,,-0.4924764850977943,,
Intel Xeon Silver 4216 x 1,1,Intel,14,8000.0,2.1,85,,12.0,2017,10,,Server/Workstation,-0.25537817240556215,-0.4498596784035199,-1.5632854505005973,0.46242521098685785,-1.1414181296658459,0.45198512374305744,-0.5648813174859768,-0.08701137698962969,-0.15432594930452748,-0.851846768913572
Intel Xeon W-1370P x 1,1,Intel,14,,3.6,125,51.2,8.0,2021,14,428.0,Server/Workstation,3.4819617641362064,0.3338479128316971,,,-0.423751331931582,,,,,
Intel Xeon W-2123 x 1,1,Intel,14,,3.6,120,85.3,4.0,2017,10,294.0,Server/Workstation,-4.652512327392036,-1.371923893983348,,,,,,,,-0.9741581141947036
Intel Xeon W-2295 x 1,1,Intel,14,,2.3,140,85.3,18.0,2017,10,2553.0,Server/Workstation,-0.44847015762251186,-0.49035041705471905,,,-0.8537360572140651,,,,,-0.5866039326530688
Intel Xeon X5675 x 2,2,Intel,32,1170.0,3.066,95,,6.0,2011,4,,Server/Workstation,-1.2132792519489188,-0.6507283070103114,,,,,,-0.4353180712578455,,
