Model and Mult,FinanceBench,amg,hpcg,linux_kernel,miniFE,nqueens,numenta_nab,numpy,nwchem,openfoam,openradioss,pybench,specfem3d,stockfish,tensorflow
AMD A10-7850K APU x 1,,,,,,,,4.875197323201151,,,,-7.502738210754851,,,
AMD A10-7870K Radeon R7 12 Compute Cores 4C+8G x 1,,,,,,,,4.927253685157205,,,,,,,
AMD A6-3410MX APU x 1,,,,,,,,,,,,-8.507748732588238,,,
AMD Athlon 3000G x 1,,,,,,,,5.53338948872752,,,,-7.272398392570047,,,
AMD EPYC 4124P x 1,-10.75777521296855,,,,,,,6.551080335043404,,-8.205764725234456,-4.941642422609305,-6.311734809152915,-5.3706380281276624,16.17848353887314,
AMD EPYC 4244P x 1,,,,,,,,6.651571873589727,,-7.987864096085687,-4.59511985013459,,-5.056245805348308,16.625787389230926,
AMD EPYC 4245P x 1,,,,,,,,6.9726062513017535,,,-4.454347296253507,,,,
AMD EPYC 4344P x 1,,,,,,,,6.6895992691789665,,-7.930565854233965,-4.394449154672439,,-4.867534450455582,16.899452544383237,
AMD EPYC 4345P x 1,,,,,,,,6.9957661563048505,,,-4.2626798770413155,,,,
AMD EPYC 4364P x 1,-10.397055108865839,,,,,,,6.71174039505618,,-7.9561263512135,-4.382026634673881,-6.269096283706261,-4.859812404361672,16.951685629015486,
AMD EPYC 4464P x 1,-10.420344948533838,,,,,,,6.695798917058491,,-7.786551806428712,-4.143134726391533,,-4.6443908991413725,17.20908505915808,
AMD EPYC 4465P x 1,,,,,,,,6.9865664594064265,,,-4.060443010546419,,,,
AMD EPYC 4484PX x 1,-10.478864197361565,,,,,,,6.693323668269949,,-7.66105638236183,-4.04305126783455,-6.400257445308821,,17.325673818145727,
AMD EPYC 4545P x 1,,,,,,,,6.984716320118266,,,-3.970291913552122,,,,
AMD EPYC 4564P x 1,-10.411358816475682,,,,,,,6.704414354964107,,-7.7706452341291765,-3.9318256327243257,-6.280395838960195,-4.454347296253507,17.599130393214466,
AMD EPYC 4565P x 1,,,,,,,,7.00033446027523,,,-3.891820298110627,,,,
AMD EPYC 4584PX x 1,-10.433262498460529,,,,,,,6.699500340161678,,-7.620705086838262,-3.871201010907891,-6.3473892096560105,-4.3694478524670215,17.634157831336985,
AMD EPYC 4585PX x 1,,,,,,,,7.001245622069476,,,-3.7612001156935624,-6.013715156042802,,,
AMD EPYC 7232P x 1,-11.435169307813121,19.925372158847594,,,,-2.833213344056216,-3.8066624897703196,5.5909869805108565,,,,-7.119635638017636,,,
AMD EPYC 7251 x 1,,,,,,-3.044522437723423,,,,,,-7.3914152346753585,,,
AMD EPYC 7252 x 1,,,,,,-2.833213344056216,,5.655991810819852,,,,,,,
AMD EPYC 7262 x 1,,,,,,-2.772588722239781,,5.736572297479192,,,,-7.0587581525186645,,,
AMD EPYC 7272 x 1,-11.43514769039813,19.94406186581603,,,,-2.4849066497880004,-3.6375861597263857,5.683579767338681,-9.091106284052485,,,-7.110696122978827,,,
AMD EPYC 7282 x 1,-11.442857015256344,19.939879417998394,,,,-2.1972245773362196,-3.58351893845611,5.69035945432406,-8.864181369765426,,,-7.115582126184454,,,
AMD EPYC 72F3 x 1,,,,-6.926577033222725,,-2.4849066497880004,,6.150602768446279,,,,-6.76849321164863,,,
AMD EPYC 72F3 x 2,,,,,,,,6.222576268071369,-8.546946149565585,,,,,,
AMD EPYC 7302 x 1,,,,,,,,,,,,-7.103322062526113,,,
AMD EPYC 7302P x 1,-11.408242497502556,20.486548143662166,,,,-2.0794415416798357,,5.6937321388027,-8.807771066980044,,,,,,
AMD EPYC 7303 x 2,,,,,,,,,,,,,-3.912023005428146,17.662934283075714,
AMD EPYC 7313 x 1,,,,,9.904586947979428,,,,-8.68270762989381,,,,,,
AMD EPYC 7313 x 2,,,,,10.188290484237065,,,6.133398042996649,-8.09376775793108,-6.259581464064923,,-6.921658184151128,,,
AMD EPYC 7313P x 1,,,,,,,,6.102558594613569,,,,,,,
AMD EPYC 7343 x 1,,20.646084264735094,,,,,,,-8.609407675404048,,,,,,
AMD EPYC 7343 x 2,,21.234701438837913,,,10.242171626953942,,,,-8.024862150286411,,,,,,
AMD EPYC 7351P x 1,,,,,,-2.3025850929940455,,,,,,,,,
AMD EPYC 7352 x 1,,,,,,-1.791759469228055,,5.673323267171493,,,,-7.139660335964919,,,
AMD EPYC 7373X x 1,,,,,9.976412682550684,,,,-8.624791202014256,,,,,,
AMD EPYC 7373X x 2,,21.357419921901915,,,10.117227023775044,,,6.171700597410915,-8.056426767522984,-5.808142489980444,,,,,
AMD EPYC 73F3 x 1,-11.117955093954706,,,,,-1.791759469228055,,6.142037405587356,-8.57035473953047,,,-6.755768921984256,,,
AMD EPYC 73F3 x 2,-11.155350115788332,,,,,-1.0986122886681098,,6.139884552226255,-7.985824666418917,,,-6.75343791859778,,,
AMD EPYC 7402 x 2,,,,,,,,,,,,-7.099201743553092,,,
AMD EPYC 7402P x 1,-11.394682323481389,20.42184530657945,,,,-1.791759469228055,-3.5263605246161616,5.717027701406222,-8.459564078579602,,,,,,
AMD EPYC 7413 x 1,,,,,,,,,-8.39840965542627,,,,,,
AMD EPYC 7443 x 1,,20.643746312721877,,,9.891819747668446,,,,-8.335911094196945,,,,,,
AMD EPYC 7443 x 2,,21.23885147365421,,,10.250864402868727,-0.6931471805599453,,,-7.701200180857446,,,,,,
AMD EPYC 7452 x 1,,,,,,-1.6094379124341003,,5.717027701406222,,,,-7.074116816197362,,,
AMD EPYC 7453 x 1,,,,,,-1.3862943611198906,,,-8.312135107648412,,,,,,
AMD EPYC 7453 x 2,,,,,,-0.6931471805599453,,,-7.695757990554761,,,,,,
AMD EPYC 7473X x 1,,,,,,,,,,-6.2766434893416445,,,,,
AMD EPYC 74F3 x 1,-11.153016726521098,20.765463525086126,,-6.063785208687608,10.004101822568721,-1.3862943611198906,,6.135564891081739,-8.29529885950246,,,,,,
AMD EPYC 74F3 x 2,,21.36602921098825,,-5.472270673671475,10.16087792924552,-0.6931471805599453,,6.20050917404269,-7.716906135298388,,,,,,
AMD EPYC 7502 x 1,,,,,,-1.6094379124341003,,5.703782474656201,,,,-7.0967213784947605,,,
AMD EPYC 7502 x 2,,,,,,,,,,,,-7.126087273299125,,,
AMD EPYC 7502P x 1,-11.393218078938776,20.467876272709468,,,,-1.6094379124341003,-3.4965075614664802,5.720311776607412,-8.211754397375197,,,-7.072421900537371,,,
AMD EPYC 7513 x 1,,,,,,,,,-8.188411308079031,,,,,,
AMD EPYC 7513 x 2,-11.263373767879715,,,,,-0.6931471805599453,,5.998936561946683,-7.534762657037537,,,-6.84587987526405,,,
AMD EPYC 7532 x 1,-11.410914887554046,20.631447749483915,,,,-1.6094379124341003,-3.5263605246161616,5.700443573390687,-8.203851372183879,-6.725033642166843,,-7.087573705557973,,,
AMD EPYC 7542 x 1,-11.3753057264371,20.47026171465055,,,,-1.3862943611198906,-3.4965075614664802,5.733341276897746,-8.207946941048617,,,,,,
AMD EPYC 7543 x 1,,20.74762847705307,,-5.918893854273146,,-1.3862943611198906,,6.09807428216624,-8.106514516255185,-6.519147287940395,,,,,
AMD EPYC 7543 x 2,,21.35937878436743,,-5.3471075307174685,,-0.6931471805599453,,6.0473721790462776,-7.518064181233078,-5.768320995793772,,,,,
AMD EPYC 7551 x 1,-11.995956369584729,,,-6.423246963533519,,,-3.784189633918261,,,,,,-4.564348191467836,16.681235166125504,-8.510168576479273
AMD EPYC 7551 x 2,,21.22469642283155,3.5263605246161616,,,,,,,-6.246106765481563,,,,,
AMD EPYC 7552 x 1,-11.41441918306865,20.570024959956342,,,,-1.0986122886681098,-3.5263605246161616,5.703782474656201,-7.909856667269403,,,-7.085064293952548,,,
AMD EPYC 7573X x 1,,20.791975024065422,,,,,,,,-6.052089168924417,,,,,
AMD EPYC 7573X x 2,,21.393893853763924,,,,,,,,-5.318119993844216,,,,,
AMD EPYC 75F3 x 1,-11.133332761029457,20.618513398594324,,-5.8805329864007,9.832152654931505,-1.0986122886681098,-3.258096538021482,6.133398042996649,-8.052614818815567,-6.4967749901858625,,-6.75110146893676,,,
AMD EPYC 75F3 x 2,,21.293987919882753,,-5.2574953720277815,9.96749468251042,-0.6931471805599453,-3.295836866004329,6.154858094016418,-7.48324441607385,-5.736572297479192,,-6.77078942390898,,,-8.631592731724734
AMD EPYC 7601 x 1,-11.715580553857102,20.550975584360856,,,9.35772535888924,,,5.54907608489522,,,-4.127134385045092,,,,
AMD EPYC 7601 x 2,-11.757861818730365,,,,8.787678239039497,-1.0986122886681098,-3.6635616461296463,5.529429087511423,-7.88758403166028,-6.29156913955832,,-7.3708601665367155,,,-9.035153304082828
AMD EPYC 7601 x 8,,,,,,-3.7376696182833684,,,,,,,,,
AMD EPYC 7642 x 1,-11.417119162117213,20.611004083545087,,,9.871274230171476,-1.0986122886681098,-3.4965075614664802,5.717027701406222,-7.884576510596324,,,-7.110696122978827,,,
AMD EPYC 7642 x 2,,,,,9.61092693263324,-0.6931471805599453,,,,,,,,,
AMD EPYC 7643 x 1,,,,-5.730099782973574,,-1.0986122886681098,,6.073044534100405,-7.899153483343097,-6.473890696352274,,,,,
AMD EPYC 7643 x 2,,,,-5.181783550292085,,0.0,,6.07073772800249,-7.550135342488429,-5.6937321388027,,,,,
AMD EPYC 7662 x 1,-11.417416265362776,20.602874880243196,,,,-1.0986122886681098,-3.4965075614664802,5.697093486505405,-7.706162970199576,,,-7.089243155027514,,,
AMD EPYC 7663 x 1,,,,,,,,6.037870919922137,-7.859026979751538,,,,,,
AMD EPYC 7663 x 2,,21.374734753888163,,-5.10594547390058,10.074958790275668,0.0,,6.054439346269371,-7.631431664576906,-5.69035945432406,,,,,
AMD EPYC 7663P x 1,,,,,,,,,,-6.656726524178391,,,,,
AMD EPYC 7702 x 1,,20.58565823356566,,,9.859013062434299,-1.0986122886681098,-3.4965075614664802,5.720311776607412,-7.720461694599722,,,-7.072421900537371,,,
AMD EPYC 7713 x 1,-11.193312311981844,20.706885055532148,,-5.652489180268651,9.992093490870152,-1.0986122886681098,-3.4339872044851463,6.089044875446846,-7.759614150696903,-6.448889394146858,,-6.86484777797086,,,
AMD EPYC 7713 x 2,-11.273690640756074,21.37684653086031,,-5.123963979403259,10.105734278137353,0.0,-3.4011973816621555,6.077642243349034,-7.669028288589683,-5.655991810819852,,-6.84587987526405,,,
AMD EPYC 7713P x 1,,,,,,,,,-7.937374696163295,,,,,,
AMD EPYC 7742 x 1,-11.382873725609954,20.602570895429267,,,,,-3.4965075614664802,5.733341276897746,-7.745868229792268,,,-7.074963197966044,,,
AMD EPYC 7742 x 2,-11.40591915128506,,,-5.117993812416755,,-0.6931471805599453,-3.4965075614664802,5.749392985908253,-7.644440761556566,,,-7.1284959456800365,,,
AMD EPYC 7763 x 1,,20.736824165990583,,-5.5012582105447265,9.990215556045952,-0.6931471805599453,-3.4339872044851463,5.981414211254481,-7.67786350067821,-6.448889394146858,,-6.905753276311464,,,
AMD EPYC 7763 x 2,-11.29588823208778,21.379132214310435,,-4.990432586778736,10.120693511183584,0.0,-3.4339872044851463,6.016157159698354,-7.579167967396076,-5.6240175061873385,,-6.920671504248683,,,
AMD EPYC 7773X x 1,,20.777520394562874,,-5.476463551931511,10.02601487181582,-0.6931471805599453,,6.124683390894205,-7.679251425953058,,,-6.915723448631314,,,
AMD EPYC 7773X x 2,,21.419414729856744,3.6375861597263857,-4.962844630259907,10.144274539022932,,,6.1224928095143865,-7.585281078639126,,-3.4965075614664802,,,,-9.214830277249035
AMD EPYC 7F32 x 1,,,2.3978952727983707,-6.955592608396297,,-2.639057329615259,-3.58351893845611,5.846438775057725,,,-4.727387818712341,-6.921658184151128,-5.153291594497779,16.54668687705192,-8.057060681965766
AMD EPYC 7F32 x 2,,,,,,,,5.883322388488279,,,,,,,
AMD EPYC 7F52 x 1,-11.240512884849215,20.481323840601203,,,,-1.9459101490553135,-3.367295829986474,5.860786223465865,-8.691314551644853,,,,,,
AMD EPYC 7F52 x 2,-11.281119503077365,21.189019675485422,,,,,-3.367295829986474,5.877735781779639,-8.054522609537294,,,-6.916715020353609,,,
AMD EPYC 7F72 x 1,,,,,,-1.6094379124341003,-3.367295829986474,5.777652323222656,,,,-6.975413927455952,,,
AMD EPYC 7F72 x 2,,21.091885125341427,,,,,,5.786897381366708,-7.745435610274381,,,-6.961296045910167,,,
AMD EPYC 7K62 x 2,,,,,,,,,,-5.8664680569332965,,,,,
AMD EPYC 7K83 x 1,,,,,,,,6.059123195581797,,,,,,,
AMD EPYC 8534P x 1,,20.865489674196045,,,10.11029844922944,,,,-7.545918151209323,-6.522092798170152,,,,18.42835901047258,
AMD EPYC 8534PN x 1,,20.863457360951212,,,10.113181056125933,,,,-7.649692623711514,-6.532334292222349,,,,18.32260646353926,
AMD EPYC 9184X x 2,,22.059802960181788,,,11.313376362509647,,,,,-5.572154032177765,,,,,
AMD EPYC 9374F x 1,,21.576528756654014,,-5.598421958998375,,,,6.517671272912275,-7.7886260656250315,-5.921578419643816,,-6.606650186198215,,,
AMD EPYC 9374F x 2,,22.180763901196304,,-5.043425116919247,,,,6.51471269087253,-7.1731917424865985,-5.135798437050262,,-6.601230118728877,,,
AMD EPYC 9384X x 1,,,,,10.94840014498095,,,,,,,,,,
AMD EPYC 9384X x 2,,22.14961631073391,,,11.151438964034273,,,,,-5.135798437050262,,,,,
AMD EPYC 9534 x 2,,21.19247108507074,4.406719247264253,,,,,,,,,,,,
AMD EPYC 9554 x 1,,21.57381492678321,,-5.187385805840755,10.83133129068886,,,6.385194398997726,-7.27931883541462,,,-6.744059186311348,,,
AMD EPYC 9554 x 2,,22.171137574338623,,-4.709530201312334,10.83873741881143,,-2.833213344056216,6.3835066348840055,-7.1308988302963465,-4.867534450455582,,-6.739336627357174,,,
AMD EPYC 9575F x 1,,21.876886172590517,,,11.143512594154561,,,6.8690144506657065,-7.111512116496157,-5.480638923341991,,,,18.97247107269499,
AMD EPYC 9575F x 2,,22.534542156038857,,,10.81859758766212,,,6.889591308354466,-7.027314514039777,-4.6443908991413725,,,,19.675476921220064,
AMD EPYC 9634 x 1,,,,-5.170483995038151,,,,,,-5.598421958998375,,,,,
AMD EPYC 9634 x 2,,,,-4.709530201312334,,,,,,-4.770684624465665,,,,,
AMD EPYC 9654 x 1,,21.56201469495376,,-5.099866427824199,10.83372063653299,,-2.772588722239781,6.35088571671474,-7.325148957955575,-5.605802066295998,,-6.747586526829315,,19.082168610589925,
AMD EPYC 9654 x 2,,,,-4.6443908991413725,10.803465958917979,,-2.890371757896165,6.354370040797351,-7.309212365692763,-4.7535901911063645,,-6.747586526829315,,19.65573141751236,
AMD EPYC 9655 x 1,,21.84863635424471,,,11.12548198735986,,,6.7650389767805414,-7.180069874302796,-5.267858159063328,,,,19.26254739340752,
AMD EPYC 9655 x 2,,22.509423232654807,,,,,,6.77078942390898,-7.155396301896734,-4.465908118654584,,,,19.881327285440438,
AMD EPYC 9655P x 1,,21.78096532002662,,,,,,6.771935555839602,,,-2.995732273553991,-6.220590170099739,-2.70805020110221,,
AMD EPYC 9684X x 1,,21.586902900280386,,,10.885940486663952,,,6.336825731146441,-7.355641102974253,-5.225746673713201,,,,19.17237839676697,
AMD EPYC 9684X x 2,,22.217246426980225,,,11.046674784593801,,,,-7.295735072749282,-4.5217885770490405,,,,19.808943641232933,
AMD EPYC 9754 x 1,,21.547937721139103,3.1354942159291497,,10.828797488830443,,,,-7.427738840532894,-6.030685260261263,-3.1780538303479458,,,19.073345846172337,
AMD EPYC 9754 x 2,,,4.007333185232471,,10.905533873227906,,,6.049733455231958,-7.358193752733032,-4.859812404361672,,,,19.61444380578084,
AMD EPYC 9755 x 1,,21.87917543610418,,,11.125025188041535,,,6.684611727667927,-7.1846291527173145,-5.081404364984463,-2.772588722239781,-6.368187186350492,,19.575831860111993,
AMD EPYC 9755 x 2,,22.55372324231904,4.836281906951478,,10.710922779497595,,,6.682108597449809,-7.1853870155804165,-4.290459441148391,,-6.289715570908998,-2.0794415416798357,20.134293744702852,
AMD EPYC 9845 x 1,,21.64122947992415,,,,,,,,-5.793013608384143,,,,,
AMD EPYC 9965 x 1,,21.813961874617547,,,11.086670742654508,,,6.612041034833092,-7.374001859350161,-5.170483995038151,-2.9444389791664407,,,19.720088461212217,
AMD EPYC 9965 x 2,,22.48625762258269,,,11.035002560879946,,,6.61472560020376,-7.351158226430694,-4.356708826689592,-2.995732273553991,-6.3784261836515865,,20.275339820156574,
AMD FX-6300 Six-Core x 1,,,,,,,,,,,,-7.512071245835466,,,
AMD FX-8150 Eight-Core x 1,,,,,,,,4.919980925828125,,,,-7.5678626054638825,,,
AMD FX-8350 Eight-Core x 1,,,,,,-3.6635616461296463,,,,,,-7.737616282857904,,,
AMD FX-8370 Eight-Core x 1,,18.59204365688307,,,,,,5.0106352940962555,,,,,,,
AMD Phenom 9650 x 1,,,,,,-4.382026634673881,,,,,,,,,
AMD Phenom II X3 720 x 1,,,,,,-4.48863636973214,,,,,,,,,
AMD RYZEN AI MAX PRO 390 x 1,,,2.70805020110221,,9.741321501945738,,,,,,-4.143134726391533,,,,
AMD RYZEN AI MAX+ 395 x 1,-10.264478170542462,,,,,,,,,-6.934397209928558,-3.828641396489095,-6.118097198041348,,,
AMD RYZEN AI MAX+ PRO 395 x 1,,,,,,,,,,,-4.007333185232471,-6.118097198041348,,,
AMD Ryzen 3 1300X x 1,,19.28772562924963,,,,,,5.602118820879701,,,,,,,
AMD Ryzen 3 2200G x 1,,19.19355781403258,,,,-4.02535169073515,,5.5254529391317835,,,,,,,
AMD Ryzen 3 3100 x 1,,,,,,,,5.771441123130016,,,,-6.943122422819428,,,
AMD Ryzen 3 3200G x 1,,,,,,,,5.517452896464707,,,,,,,
AMD Ryzen 3 3200U x 1,,18.468330343639636,,,,,,5.389071729816501,,,,,,,-10.060491301345794
AMD Ryzen 3 3300X x 1,,19.267251485767204,,,,,,6.028278520230698,-9.671681590643265,,,-6.837332814685591,,,-8.282230063296685
AMD Ryzen 5 1500X x 1,,,,,,-3.4965075614664802,,,,,,,,,
AMD Ryzen 5 1600 Six-Core x 1,,,,,,-3.1780538303479458,,,,,,,,,
AMD Ryzen 5 1600X Six-Core x 1,,,,,,-3.044522437723423,,,,,,,,,
AMD Ryzen 5 2400G with Radeon Vega x 1,,,,,,-3.4339872044851463,,,,,,,,,
AMD Ryzen 5 2400G x 1,,19.13151925596368,,,,-3.4339872044851463,,5.60947179518496,,,,,,,
AMD Ryzen 5 2600 Six-Core x 1,,,,,,-3.0910424533583156,,5.666426688112432,,,,-7.122059881629142,,,
AMD Ryzen 5 2600X Six-Core x 1,,,,,,-2.995732273553991,,,,,,-7.01571242048723,,,
AMD Ryzen 5 3400G x 1,-11.89975806093039,19.151805663570176,,,,-3.367295829986474,,5.655991810819852,-9.884610496766438,,,,,,-8.841737428600585
AMD Ryzen 5 3500U x 1,,,,,,,,,,,,-7.220373836723949,,,
AMD Ryzen 5 3500X x 1,,,,,,,,,,,,-6.892641641172089,,,
AMD Ryzen 5 3600 x 1,,,,,,-2.995732273553991,,6.003887067106539,,,,-6.917705609835305,,,
AMD Ryzen 5 3600X x 1,,,,,8.339739766019143,-2.890371757896165,-3.6109179126442243,6.003887067106539,,,,-6.883462586413092,,,
AMD Ryzen 5 3600XT x 1,-11.081234444367965,19.211929092247473,,,,,,,,,,,,,
AMD Ryzen 5 4500U x 1,-11.299620852166676,19.047801780078355,1.3862943611198906,-7.957177323459475,,-3.58351893845611,-4.204692619390966,5.598421958998375,,,,,,,-8.849944227235596
AMD Ryzen 5 5500 x 1,,,,,,-2.995732273553991,,6.129050210060545,,-8.469052816088302,,-6.682108597449809,-5.442417710521793,16.056784343427207,
AMD Ryzen 5 5500U x 1,,,1.6094379124341003,-7.799753318287247,,,-4.127134385045092,5.676753802268282,,,,,-5.713732805509369,15.608324970543865,-8.420902531097951
AMD Ryzen 5 5560U x 1,,,,-7.692113339595466,,,,,,,,,,,
AMD Ryzen 5 5600G x 1,,19.314977225878927,,,,-2.9444389791664407,,6.19644412779452,,,,,,,-7.922623574217286
AMD Ryzen 5 5600X x 1,,19.299244628060507,,-7.309212365692763,8.458292083496076,-2.70805020110221,-3.4965075614664802,6.26530121273771,,-8.420682291035394,,-6.556778356158042,-5.402677381872279,16.29558119975945,-7.8168199657645525
AMD Ryzen 5 7600 x 1,,19.776472339937897,1.9459101490553132,,,,,6.647688373563329,,-7.925518979786926,,-6.400257445308821,-5.049856007249537,16.611445193719224,
AMD Ryzen 5 7600X x 1,-10.609304136196736,19.719008907841374,1.9459101490553132,-6.920671504248683,8.899867211223587,-2.70805020110221,,6.754604099487962,,-7.941651252930556,,-6.320768294250582,-4.983606621708336,,-7.195937226475569
AMD Ryzen 5 8400F x 1,,,,,,,,6.480044561926653,,-7.8838232148921525,,-6.386879319362645,-5.0875963352323845,16.52456918376867,
AMD Ryzen 5 8500G x 1,,19.809751995939507,,,,,,6.525029657843462,,,,,,,
AMD Ryzen 5 8600G x 1,,19.81888939717946,2.0794415416798357,,9.079206103951382,-2.772588722239781,,6.555356891810665,,-7.88758403166028,,-6.329720905522696,-5.1298987149230735,16.533631016721547,-7.389563953677635
AMD Ryzen 5 9600X x 1,,,1.9459101490553132,,,,,6.948897222313312,,-7.822845290279774,-4.465908118654584,-6.025865973825314,-4.875197323201151,16.739529727837954,
AMD Ryzen 5 PRO 4650G x 1,,,,,,,,,,,,-6.831953565565855,,,
AMD Ryzen 5 PRO 6650U x 1,,19.249803481482125,,,,,,,,,,-6.721425700790643,,,
AMD Ryzen 7 1700 Eight-Core x 1,-11.17484794056376,19.37764083149806,,-7.581719640125308,8.67965211911394,-2.9444389791664407,,5.572154032177765,,,,-7.336285660021297,,,
AMD Ryzen 7 1700X Eight-Core x 1,,,,,,-2.833213344056216,,5.552959584921617,,,,,,,
AMD Ryzen 7 1800X Eight-Core x 1,,19.371966283946204,,,,-2.772588722239781,,5.627621113690637,,,,-7.156176637480615,,,
AMD Ryzen 7 2700 Eight-Core x 1,-11.63637243025105,19.308912593502477,,,,-2.833213344056216,,5.697093486505405,,,,-7.175489713624222,,,
AMD Ryzen 7 2700X Eight-Core x 1,,19.22159626004387,,,,-2.639057329615259,,5.762051382780177,,,,,,,
AMD Ryzen 7 3700X x 1,,19.211617337567407,,-7.160069207596127,8.31164394850298,-2.639057329615259,-3.5553480614894135,6.030685260261263,,,,,,,-8.017307507688582
AMD Ryzen 7 3800X x 1,,,,,,-2.70805020110221,,5.966146739123692,,,,-6.835184586147301,,,-7.942362237674335
AMD Ryzen 7 3800XT x 1,-11.503107425366187,19.06420158209327,1.3862943611198906,-6.967909201801884,,-2.5649493574615367,-3.4657359027997265,6.059123195581797,,,,-6.741700694652055,-5.41610040220442,16.5178328525529,-7.99699040583765
AMD Ryzen 7 4700U x 1,,,,-7.731492029245684,,,-3.912023005428146,5.683579767338681,,,-5.337538079701318,-6.882437470997847,-5.823045895483019,15.555360227014658,
AMD Ryzen 7 4800U x 1,,,,,,,-4.5217885770490405,,,,,,,,-8.498825534058053
AMD Ryzen 7 5700G x 1,,,,,,-2.639057329615259,,6.171700597410915,,,,-6.598509028614516,,16.442569190255455,-7.76004068088038
AMD Ryzen 7 5700X x 1,,,,,,-2.70805020110221,,,,,,,,,
AMD Ryzen 7 5800H x 1,,,,,8.624072553043334,,,,,,,,,,
AMD Ryzen 7 5800U x 1,,,,,,,,,,,,-6.705639094860003,,,
AMD Ryzen 7 5800X x 1,-10.624541686349081,19.257952969479696,1.6094379124341003,-7.0192966537150445,8.422442854870427,-2.4849066497880004,-3.4011973816621555,6.324358962381311,,-8.441607204459642,,-6.625392368007956,-5.262690188904886,16.680855405732206,-7.503289630675082
AMD Ryzen 7 5800X3D x 1,-10.637584719425028,19.290834636674905,1.6094379124341003,-6.954638864880987,8.452761331256848,-2.5649493574615367,-3.2188758248682006,6.396929655216146,,-8.255048902752295,-4.553876891600541,-6.654152520183219,-5.056245805348308,16.61900377853208,-7.498869733976931
AMD Ryzen 7 7700 x 1,,19.737987651427773,1.9459101490553132,,8.941545475242885,,,6.714170529909472,,-7.8928255262511176,,-6.345636360828596,-4.836281906951478,16.89848697724848,
AMD Ryzen 7 7700X x 1,-10.370079117304869,19.74181308826832,1.9459101490553132,-6.703188113240863,8.934455109403913,-2.3978952727983707,,6.78332520060396,,-7.885329239273191,,-6.335054251498059,-4.795790545596741,16.98226967584959,-6.92461239604856
AMD Ryzen 7 7735HS x 1,,,,-7.206377291472252,,,,,,,,,,,
AMD Ryzen 7 7800X3D x 1,,19.793887973424546,1.9459101490553132,,8.971702399703325,,,6.665683717782408,,-7.656337166430183,,-6.448889394146858,-4.736198448394496,16.95701683907051,
AMD Ryzen 7 7840HS x 1,,,,-6.889591308354466,,,,6.472346294500901,,,-4.709530201312334,-6.3784261836515865,-5.2574953720277815,16.543400967355836,
AMD Ryzen 7 7840U x 1,,,1.791759469228055,,,,-3.2188758248682006,6.53813982376767,,,-4.927253685157205,-6.369900982828227,,,
AMD Ryzen 7 8700G x 1,,,,,,,,6.561030665896573,,-7.844240718141811,,-6.309918278226516,-4.897839799950911,16.72524383280986,
AMD Ryzen 7 8845HS x 1,,,,,,,,,,,,-6.421622267806518,-4.976733742420574,16.776951859200622,
AMD Ryzen 7 9700X x 1,,,2.0794415416798357,,,,,6.962243464266207,,-7.783640596221253,-4.23410650459726,-5.991464547107982,-4.718498871295094,16.943590530103336,
AMD Ryzen 7 9800X3D x 1,,19.859061487882027,2.0794415416798357,,,-2.3978952727983707,,6.942156705699469,,-7.594381242551817,-4.07753744390572,-6.0330862217988015,-4.499809670330265,17.14806725611401,-6.602587892189336
AMD Ryzen 7 PRO 3700 x 1,-11.54053090432943,,,,,,,,,,,,,,
AMD Ryzen 7 PRO 3700U x 1,,,,,,,,,,,,-6.966024187106113,,,
AMD Ryzen 7 PRO 4750G x 1,,,,,,-2.5649493574615367,,,,,,,,,
AMD Ryzen 7 PRO 5850U x 1,-10.947379629004004,,1.3862943611198906,-7.421177528595393,,-2.9444389791664407,,6.156978985585555,,-8.671972245203792,,-6.784457062637643,-5.666426688112432,15.827629306014742,-8.085178748074537
AMD Ryzen 7 PRO 6850U x 1,-11.00314929033981,,1.3862943611198906,,,,-3.713572066704308,6.2166061010848646,,,-5.081404364984463,-6.5998704992128365,-5.41610040220442,15.982154500054271,-8.167919362957816
AMD Ryzen 7 PRO 7840U x 1,,,1.791759469228055,,,,,6.601230118728877,,,,-6.401917196727186,,,
AMD Ryzen 9 3900X x 1,,19.24503092603691,,-6.748759547491679,,-2.1972245773362196,-3.367295829986474,6.023447592961033,,,,-6.880384082186005,,,-7.805882040228621
AMD Ryzen 9 3900XT x 1,-10.798084670325027,19.23679008973795,1.6094379124341003,-6.625392368007956,8.303752415563412,-2.1972245773362196,-3.332204510175204,6.018593214496234,,,,-6.799055862058796,,,
AMD Ryzen 9 3950X x 1,,19.13202153254079,,-6.51025834052315,8.224431573221159,-1.9459101490553135,-3.258096538021482,6.035481432524756,-8.635864721133736,,,-6.884486652042782,,,-7.8160138391590275
AMD Ryzen 9 5900HX x 1,,,1.0986122886681098,-7.241366283322318,,-2.4849066497880004,-3.5553480614894135,6.1463292576688975,,,-5.111987788356543,-6.641182169740591,-5.517452896464707,16.283837690651417,-7.78155595923534
AMD Ryzen 9 5900X x 1,-10.607451025529922,19.304870285974744,,-6.652863029353347,8.39502555744203,-2.0794415416798357,-3.1354942159291497,6.297109319933935,-8.697345730925353,-8.387995252944556,,-6.6320017773956295,-5.123963979403259,17.04462582040512,-7.4489161025442
AMD Ryzen 9 5950X x 1,-10.622838398592709,,1.6094379124341003,-6.502790045915623,,-1.791759469228055,-3.0910424533583156,6.336825731146441,-8.566173813637858,,,-6.647688373563329,-5.153291594497779,,-7.380879035564116
AMD Ryzen 9 6900HX x 1,,19.545675923202868,,,,,,6.297109319933935,,,,,,,
AMD Ryzen 9 7900 x 1,,19.78591069496285,1.9459101490553132,,8.9085593751449,,,6.705639094860003,,-7.769378609513984,,-6.395261598115449,-4.584967478670572,17.18711193335949,
AMD Ryzen 9 7900X x 1,-10.39726874169286,19.790086807189716,2.0794415416798357,-6.354370040797351,8.960596138864794,-2.0794415416798357,,6.733401891837359,-8.560444233410552,-7.745435610274381,,-6.331501849893691,-4.48863636973214,17.38511925155779,-7.014814351275545
AMD Ryzen 9 7900X3D x 1,,19.790172521491357,2.0794415416798357,,8.97537724385663,,,6.697034247666484,,-7.607381425639791,,-6.386879319362645,-4.477336814478207,17.339637324894436,
AMD Ryzen 9 7950X x 1,-10.372865986387945,19.820216561255958,2.0794415416798357,-6.124683390894205,8.916908467543795,-1.791759469228055,-2.5649493574615367,6.785587645007929,-8.352318548226004,-7.69484807238461,,-6.342121418721152,-4.3694478524670215,17.623956190323813,-6.98100574072173
AMD Ryzen 9 7950X3D x 1,,19.789286835944633,2.0794415416798357,,8.944158830970403,-1.791759469228055,-2.4849066497880004,6.71295620067707,-8.279950715722526,-7.564757012905729,,-6.385194398997726,-4.304065093204169,17.631864071043072,-7.037905963447182
AMD Ryzen 9 9900X x 1,,,2.1972245773362196,,,,,6.9650803456014065,,-7.656337166430183,-3.912023005428146,-5.986452005284438,-4.394449154672439,17.45565397144407,
AMD Ryzen 9 9900X3D x 1,,19.946756340739558,2.1972245773362196,,,,,6.9584483932976555,,,-3.8501476017100584,-6.021023349349527,-4.2626798770413155,,-6.876264611890766
AMD Ryzen 9 9950X x 1,-10.153623508913938,,2.1972245773362196,,9.130647603066935,-1.791759469228055,,6.954638864880987,-8.159374736775426,-7.6362696033793735,-3.8066624897703196,-6.023447592961032,-4.2626798770413155,17.682510088334233,
AMD Ryzen 9 9950X3D x 1,,19.92561834620136,2.1972245773362196,,9.13227071655426,,,7.00397413672268,,-7.454719949364001,-3.6888794541139363,-5.978885764901122,-4.110873864173311,,-6.899723107284873
AMD Ryzen 9 PRO 3900 x 1,-11.541017172136412,,,,,,,5.986452005284438,,,,,,,
AMD Ryzen AI 5 340 x 1,,,,,,,,,,,-5.017279836814924,-6.131226489483141,,,
AMD Ryzen AI 7 PRO 360 x 1,,,,,,,,,,,-5.056245805348308,,,,
AMD Ryzen AI 9 365 x 1,,,,,,,,,,,-4.6913478822291435,,,16.376032127223652,
AMD Ryzen AI 9 HX 370 x 1,,,,,,,,6.248042874508429,,-7.884576510596324,-4.6913478822291435,,-5.1647859739235145,16.416496644960368,
AMD Ryzen AI MAX+ PRO 395 x 1,,,,,,,,,,,-4.007333185232471,,,,
AMD Ryzen Threadripper 1900X x 1,,,,,,,,,,,,-6.959398512133975,,,
AMD Ryzen Threadripper 1950X x 1,,,,,,-2.0794415416798357,,,,,,-7.355641102974253,,,
AMD Ryzen Threadripper 2920X x 1,,,,,,-2.3025850929940455,,,,,,-7.089243155027514,,,
AMD Ryzen Threadripper 2950X x 1,-11.678888955151365,19.747502487881114,,,8.974871170971337,-2.0794415416798357,,,,,,,,,
AMD Ryzen Threadripper 2970WX x 1,-11.654286128709083,,,-6.565264970035361,8.781555458546402,-1.791759469228055,,5.762051382780177,,,,,,,-8.20685642839965
AMD Ryzen Threadripper 2990WX x 1,-10.961416725928704,19.720123095382984,,,8.661120360222881,-1.3862943611198906,,5.749392985908253,,,,,,,
AMD Ryzen Threadripper 3960X x 1,-11.13878459010409,19.822973119193765,,-6.049733455231958,8.955448122347393,-1.3862943611198906,-3.0910424533583156,6.040254711277414,,,,-6.962243464266207,,,-7.543273346705446
AMD Ryzen Threadripper 3970X x 1,-10.760028280004509,20.134230893268416,2.3978952727983707,-5.75890177387728,,-1.0986122886681098,-3.1354942159291497,6.049733455231958,,-7.282073658093465,,,-3.970291913552122,17.8941296370307,-7.544861068658458
AMD Ryzen Threadripper 3990X x 1,-10.794952662974627,19.96493109266632,2.1972245773362196,-5.6240175061873385,9.187992508312275,-0.6931471805599453,-3.1780538303479458,5.978885764901122,-7.734558844354756,-7.19668657083435,-3.828641396489095,-6.907755278982137,,,-8.349484346990128
AMD Ryzen Threadripper 7970X x 1,,20.615510233131236,2.772588722239781,,9.857757700829954,,,,,,-3.295836866004329,-6.35088571671474,,,
AMD Ryzen Threadripper 7980X x 1,,20.60691346490262,,,9.874573542371486,-0.6931471805599453,,6.610696044717759,,,-3.0910424533583156,,-3.1780538303479458,18.883776927881907,
AMD Ryzen Threadripper 9970X x 1,,20.79798328718777,,,10.027120112981404,,,,,-6.61472560020376,-3.0910424533583156,,,,
AMD Ryzen Threadripper 9980X x 1,,,,,10.07306153650758,,,,,,-2.833213344056216,,,,
AMD Ryzen Threadripper PRO 3975WX x 1,,,,,,-1.3862943611198906,,5.950642552587727,,,,-6.912742820493176,,,
AMD Ryzen Threadripper PRO 5965WX x 1,,,2.4849066497880004,-5.963579343618447,,,,,-8.214465160759186,-7.162397497355718,-3.6635616461296463,,-3.970291913552122,17.831604455843593,
AMD Ryzen Threadripper PRO 7995WX x 1,,21.246212415244663,3.4965075614664802,,10.518511016314495,0.0,,6.610696044717759,-7.377133712833954,-5.786897381366708,,,,,-8.236950048061455
AMD Ryzen Threadripper PRO 9995WX x 1,,20.92128224927733,3.1780538303479458,,10.168348697202207,,,,,-5.996452088619021,-2.772588722239781,,,,
AMD Ryzen Z1 Extreme x 1,,,1.791759469228055,,,,,6.498282149476434,,,,-6.3578422665081,,,
INTEL XEON PLATINUM 8592+ x 1,,21.326196299076,,,10.359804190801727,,,6.255750041753367,-7.524021415206125,-5.717027701406222,,-6.535241271013659,-3.1354942159291497,18.510299110622782,
INTEL XEON PLATINUM 8592+ x 2,,22.021015520353508,4.2626798770413155,,10.652447797915286,,,6.249975242259483,-7.478169694159785,-4.927253685157205,,-6.535241271013659,-2.639057329615259,19.19973317997502,
Intel Celeron G5900 x 1,,,,,,,-5.342334251964811,5.605802066295998,,,,-7.050989447068045,,,
Intel Celeron G6900 x 1,-12.115589795398682,,,,,,,,,,,-6.680854678790215,,,
Intel Celeron J3455 x 1,,,,,,,,,,,,-8.273336598504486,,,
Intel Celeron N2830 x 1,,,,,,,,,,,,-8.47595444339964,,,
Intel Celeron N3350 x 1,,,,,,,,,,,,-8.159660737063376,,,
Intel Core 2 Duo E8500 x 1,,,,,,,,,,,,-7.663407664893479,,,
Intel Core 2 Duo P7350 x 1,,,,,,,,,,,,-8.292798858200376,,,
Intel Core 2 Duo T7100 x 1,,,,,,,,,,,,-8.170185652879642,,,
Intel Core 2 Duo T7700 x 1,,,,,,,,,,,,-7.865187954187467,,,
Intel Core 2 Duo T9500 x 1,,,,,,-5.278114659230518,,,,,,,,,
Intel Core Ultra 5 245K x 1,,,2.302585092994046,,,,,6.495265555937008,,-7.4109518755836366,-4.007333185232471,-5.948034989180646,-4.394449154672439,17.002853114214478,
Intel Core Ultra 7 155H x 1,,,,,,,,6.373319789577012,,,-5.10594547390058,-6.3561076606958915,-5.393627546352362,,-8.144679183447758
Intel Core Ultra 7 165U x 1,,,,,,,,,,,,-6.535241271013659,-5.8111409929767,15.801301779011046,
Intel Core Ultra 7 256V x 1,,,,,,,,,,,-4.77912349311153,,,,
Intel Core Ultra 7 258V x 1,,,,,,,,,,,-4.867534450455582,-6.20455776256869,,,
Intel Core Ultra 9 285K x 1,,20.185543614262198,2.3978952727983707,,9.424564261115739,,,6.580639137284949,,-7.356279876550748,-3.713572066704308,-5.921578419643816,-4.04305126783455,17.476197332016685,
Intel Core i3-1005G1 x 1,,,,,,,,,,,,,,,-9.207837241758064
Intel Core i3-10100 x 1,,18.99775086909378,,,,,,5.886104031450156,,,,-6.84587987526405,,,-8.42222295382501
Intel Core i3-12100 x 1,,,,-7.917900586327916,,,,,,,,,,,-8.405143687607614
Intel Core i3-14100 x 1,,19.919512821395752,2.0794415416798357,,9.22325659724273,-3.367295829986474,,6.331501849893691,,-7.880048200971577,,-6.1903154058531475,-5.4116460518550396,15.901738023096529,-7.925157512224703
Intel Core i3-2120 x 1,,,,,,,,,,,,-7.449498005382849,,,
Intel Core i3-3110M x 1,,,,,,,,,,,,-7.8709295967551425,,,-10.2191008899166
Intel Core i3-4130 x 1,,,,,,,,5.147494476813453,,,,-7.191429330036379,,,
Intel Core i3-7020U x 1,,,,,,-4.812184355372417,,,,,,,,,
Intel Core i3-7100 x 1,,,,-8.616857514529183,,-4.23410650459726,-4.969813299576001,5.697093486505405,,,,-7.061334366910438,,,-8.995784837848507
Intel Core i3-8100 x 1,,,,,,-3.9318256327243257,,5.713732805509369,,,,-7.186901020411631,,,-8.691986481789401
Intel Core i3-8100T x 1,,,,,,,,,,,,-7.332369205929062,,,-8.897819009510757
Intel Core i5 460M x 1,,,,,,,,,,,,-8.843759381917984,,,
Intel Core i5 x 1,,,,,,,,,,,,-7.554334823725748,,,
Intel Core i5-10210U x 1,,,,,,-3.4965075614664802,,5.796057750765372,,,,,,,
Intel Core i5-1035G1 x 1,,,,,,,,,,,,-7.00033446027523,,,
Intel Core i5-10600K x 1,,19.33863645697582,,-7.315883504509785,,-2.9444389791664407,-3.8066624897703196,6.016157159698354,,,,-6.762729506931879,,,-7.884199933676039
Intel Core i5-1135G7 x 1,,,,,,-3.8066624897703196,-4.330733340286331,,,,,,,,
Intel Core i5-11600K x 1,-10.890795771645564,,,-7.307202314764738,,-2.890371757896165,,6.180016653652572,,,,-6.546785410760524,,,-7.8407064517494
Intel Core i5-12400 x 1,,,,,,-3.044522437723423,,6.298949246855942,,,,-6.3784261836515865,,,-7.682943169878292
Intel Core i5-12600 x 1,,,,,,,,,,,,-6.20455776256869,,,
Intel Core i5-12600K x 1,-10.84261551831304,19.651091577230723,1.9459101490553132,-6.851184927493743,,-2.639057329615259,,6.354370040797351,,,,-6.282266746896006,-5.472270673671475,,-7.441906728051625
Intel Core i5-1334U x 1,,,,,,,,,,,-5.869296913133774,-6.434546518787453,,,
Intel Core i5-13400 x 1,-10.931981336429777,19.660137047315175,,-6.97166860472579,,-2.772588722239781,,,,-7.758760544157663,,-6.300785794663244,-5.3706380281276624,16.403168497338452,-7.493317248862145
Intel Core i5-13600K x 1,-10.750278141425756,19.738746164037547,,-6.551080335043404,,,,6.505784060128229,,-7.670428522190693,,-6.222576268071369,-4.882801922586371,16.940974683772613,-7.2485040723706105
Intel Core i5-14400F x 1,,,,,,,,6.363028103540465,,-7.938088726896952,,-6.212606095751519,-5.313205979041787,,
Intel Core i5-14500 x 1,,19.674293731079512,2.302585092994046,,9.418329675518715,-2.639057329615259,,6.444131256700441,,-7.630946580890459,,-6.124683390894205,-5.111987788356543,,-7.68017564043659
Intel Core i5-14600K x 1,,,2.0794415416798357,,,,,6.501289670540389,,-7.680637427560936,,-6.068425588244111,-4.867534450455582,17.001640687035874,
Intel Core i5-2400 x 1,,,,,,-4.127134385045092,,,,,,,,,
Intel Core i5-2410M x 1,,,,,,,,,,,,-7.629489916393995,,,
Intel Core i5-2500S x 1,,,,,,,,,,,,-7.313886831633462,,,
Intel Core i5-2520M x 1,,,,,,,,,,,,-7.669028288589683,,,
Intel Core i5-3320M x 1,,,,,,-4.51085950651685,,,,,,,,,
Intel Core i5-3427U x 1,,,,,,,,,,,,-7.480992162869525,,,
Intel Core i5-3470 x 1,,18.738256351451366,,,,,,5.332718793265369,,,,,,,
Intel Core i5-3550 x 1,,,,,,,,,,,,-7.2305631534092925,,,
Intel Core i5-3570K x 1,,,,,,,,,,,,-7.2520539518528135,,,
Intel Core i5-4210U x 1,,,,,,-4.700480365792417,,,,,,-7.528869256642251,,,
Intel Core i5-4278U x 1,,,,,,,,,,,,-7.542213463193403,,,
Intel Core i5-4300M x 1,,,,,,,,,,,,-7.2868764117507,,,
Intel Core i5-4430 x 1,,,,,,,,,,,,-7.293697720601438,,,
Intel Core i5-4460 x 1,,,,,,-4.07753744390572,,,,,,,,,
Intel Core i5-4670 x 1,,18.67297304840093,,,,,,5.575949103146316,,,,,,,
Intel Core i5-5200U x 1,,18.464889706614905,,,7.656810091480378,,,,,,,-7.463363045520021,,,
Intel Core i5-5300U x 1,,,,,,,,5.337538079701318,,,,-7.455298485683291,,,
Intel Core i5-6200U x 1,,,,,,,,,,,,-7.326465613840322,,,
Intel Core i5-6260U x 1,,18.934358634136338,,,,,,,,,,-7.315218389752975,,,
Intel Core i5-6300U x 1,,,,,,-4.532599493153256,,,,,,,,,
Intel Core i5-6500 x 1,,19.0020904525536,,,,,,5.655991810819852,,,,-7.059617628291383,,,
Intel Core i5-6500T x 1,,,,,,,,,,,,-7.266128779556451,,,
Intel Core i5-7200U x 1,,,,,,-4.532599493153256,,,,,,-7.29776828253138,,,
Intel Core i5-7600K x 1,,18.480497302903338,,,,-3.8066624897703196,-4.454347296253507,5.700443573390687,,,,-6.921658184151128,,,
Intel Core i5-8250U x 1,,,,-8.61341204915678,,-3.9318256327243257,,,,,,-7.260522598089852,,,
Intel Core i5-8300H x 1,,,,,,,,,,,,-7.00033446027523,,,
Intel Core i5-8400 x 1,,19.323091188801737,,,,,,5.8377304471659395,,,,,,,
Intel Core i5-8400H x 1,,,,,,-3.6375861597263857,,,,,,,,,
Intel Core i5-8600K x 1,,,,,,,,,,,,-7.095064377287131,,,
Intel Core i5-9400F x 1,-11.664693308095693,19.13727038037254,,,,,-4.04305126783455,5.805134968916488,,,,-6.9440872082295275,,,
Intel Core i7 920 x 1,,,,,,,,,,,,-7.701200180857446,,,
Intel Core i7 990X x 1,,,,,7.717351272185329,,,,,,,-7.627544390488503,,,
Intel Core i7- x 1,-12.16659870031636,18.892070287375226,,,,-3.5553480614894135,,5.5909869805108565,,,,-7.21081845347222,,,
Intel Core i7-1065G7 x 1,-11.827027924842135,19.35509869649092,,,,-3.8501476017100584,,5.916202062607435,,,,-6.834108738813838,,14.864157792550015,-8.72371943690701
Intel Core i7-10700T x 1,,19.2095543949284,,-7.731492029245684,8.454892165218858,,-4.0943445622221,,,,,,,,-8.32117830749028
Intel Core i7-1165G7 x 1,-11.609516642128805,19.470720892182143,1.791759469228055,-8.09346227450118,,,-4.04305126783455,6.0330862217988015,,,-5.552959584921617,,-5.91350300563827,15.426041472853505,-8.316544717929398
Intel Core i7-11700B x 1,,19.37363536539811,,,,,,,,,,-6.580639137284949,,,
Intel Core i7-11700K x 1,,19.415654807043328,,,,,,6.259581464064923,,,,-6.525029657843462,,,
Intel Core i7-1185G7 x 1,,,1.791759469228055,-7.989560449333865,,,-3.9889840465642745,6.07993319509559,,,-5.5093883366279774,,-5.905361848054571,15.469856441933551,-8.293799608846818
Intel Core i7-1185G7E x 1,,,,,,,,,,,,,,,-8.278682162970906
Intel Core i7-12700K x 1,,19.526842242163625,,,8.724044745953469,,-3.295836866004329,6.35088571671474,,,,,,,
Intel Core i7-12700KF x 1,,,,,,,,,,,,,,,-7.381501894506707
Intel Core i7-1280P x 1,-11.308603667896607,,,-7.664815785285735,,,-3.6109179126442243,,,-7.999007213243954,,,-5.683579767338681,,-8.298290634359283
Intel Core i7-2600 x 1,,,,,,,,,,,,-7.480428306074208,,,
Intel Core i7-2700K x 1,,,,,,-3.784189633918261,,5.262690188904886,,,,-7.4133673356952405,,,
Intel Core i7-3517U x 1,,,,,,,,5.153291594497779,,,,,,,
Intel Core i7-3630QM x 1,,,,,,,,,,,,-7.67275789664251,,,
Intel Core i7-3632QM x 1,,,,,,-3.970291913552122,,,,,,,,,
Intel Core i7-3770 x 1,,,,,,,,,,,,-7.455298485683291,,,
Intel Core i7-3770K x 1,,18.132144186532265,,,,,,5.288267030694535,,,,-7.278628942320682,,,
Intel Core i7-4558U x 1,,,,,,,,,,,,-7.385851078125209,,,
Intel Core i7-4600U x 1,-12.573195321350145,,,,,,,,,,,-7.342131730584722,,,
Intel Core i7-4770K x 1,,18.7345900192011,,,,,,5.583496308781699,,,,-7.136483208590247,,,
Intel Core i7-4790 x 1,,18.78715944265598,,,,,,,,,,-7.123672785204607,,,
Intel Core i7-4790K x 1,-11.869109288328989,18.781101295337105,,,,-3.4339872044851463,,5.765191102784844,,,,-6.93537044601511,,,
Intel Core i7-4960X x 1,,18.652977032879278,,,,,-4.31748811353631,5.402677381872279,,,,,,,
Intel Core i7-5500U x 1,,,,,,,,5.327876168789581,,,,,,,
Intel Core i7-5557U x 1,,,,,,-4.382026634673881,,,,,,,,,
Intel Core i7-5600U x 1,,18.615923190365265,,,,,,5.365976015021851,,,,-7.417580402414544,,,
Intel Core i7-5820K x 1,,,,,,,,,,,,-7.273786317844895,,,
Intel Core i7-5960X x 1,,19.04461466981419,1.9459101490553132,,8.776475789346321,-2.9444389791664407,-4.1588830833596715,5.5909869805108565,,,-5.170483995038151,-7.3987862754199485,,15.938276520482235,-7.898039690764619
Intel Core i7-6500U x 1,,,,,,-4.624972813284271,,,,,,,,,
Intel Core i7-6700 x 1,-11.384603337675054,,,,,-3.6109179126442243,,5.749392985908253,,,,,,,
Intel Core i7-6700HQ x 1,,,,,,,,5.564520407322694,,,,,,,
Intel Core i7-6700K x 1,,,,,,-3.5263605246161616,,,,,,-7.247080584585756,,,
Intel Core i7-6800K x 1,-11.407442719620436,19.42679115583931,,,,-3.258096538021482,,,,,,,,,
Intel Core i7-7700 x 1,,19.10451732508735,,,,-3.4965075614664802,,5.7899601708972535,,,,-7.081708586105575,,,-10.922100188159392
Intel Core i7-7700K x 1,-11.581583613777127,19.27651341188855,,,,-3.367295829986474,,,,,,-6.8658910748834385,,,
Intel Core i7-7740K x 1,,19.28781325633304,,,,,,5.926926025970411,,,,,,,
Intel Core i7-7900X x 1,-10.869101639741373,19.88773489634911,,,,,,5.8916442118257715,,,,-6.834108738813838,,,
Intel Core i7-8086K x 1,,19.334983501113566,,,,-3.044522437723423,,6.07993319509559,,,,-6.80128303447162,,,
Intel Core i7-8550U x 1,,18.86018328339304,,,8.109224953089955,-3.912023005428146,,5.707110264748875,,,,,,,
Intel Core i7-8559U x 1,,,,,,,,,,,,-7.174724309836376,,,
Intel Core i7-8565U x 1,-11.728963834154392,18.93038106680471,,-8.355614995760183,,-4.143134726391533,-4.442651256490317,5.7745515455444085,,,,,-6.214608098422191,15.01585057168961,-8.833025307284364
Intel Core i7-8700 x 1,,,,,,,,,,,,-6.975413927455952,,,
Intel Core i7-8700B x 1,,,,,,,,5.945420608606575,,,,-7.118826249062078,,,
Intel Core i7-8700K x 1,-11.518579451024427,19.25028615476579,,,,-3.044522437723423,-3.891820298110627,5.993961427306569,,,,-6.928537818164665,,,-7.933079771880414
Intel Core i7-8809G x 1,,19.24256252339478,,,,,,,,,,,,,
Intel Core i7-9700TE x 1,,,,,,,-4.574710978503383,5.749392985908253,,,,,,,
Intel Core i7-9750H x 1,-11.723955948400636,19.226292696575136,,,,-3.4011973816621555,-4.110873864173311,5.8944028342648505,,,,-7.02108396428914,,,
Intel Core i7-9850H x 1,,,,,,,,,,,,-7.183111701743281,,,
Intel Core i9-10850K x 1,,,,,,,,,,,,-6.725033642166843,,,
Intel Core i9-10885H x 1,,19.151103261070066,,,8.37770121259764,,,,,,,,,,
Intel Core i9-10900K x 1,-10.69044378677413,19.19297665886459,,-6.826545223556594,8.356554845453426,-2.3025850929940455,-3.5263605246161616,6.093569770045136,,,,,,,-7.550135342488429
Intel Core i9-10900KF x 1,,,,,,,,6.2878585601617845,,,,,,,
Intel Core i9-10980XE x 1,,19.839821458555424,2.0794415416798357,-6.459904454377535,8.90557995798965,-2.0794415416798357,-3.4657359027997265,5.926926025970411,,,-4.3694478524670215,,-4.74493212836325,17.00628772725775,
Intel Core i9-11900K x 1,-10.617221366704461,,,-6.957497370876951,,-2.5649493574615367,,6.270988431858299,,-8.384347278082808,,-6.535241271013659,,,-7.2682230211595655
Intel Core i9-11980HK x 1,,19.460800111074033,,,,,,,,,,,,,
Intel Core i9-12900H x 1,,19.541365386059926,,,,,,,,,,,,,
Intel Core i9-12900K x 1,-10.407197922816518,,,-6.403574197934815,,-2.1972245773362196,,6.472346294500901,-8.65259782842244,,,,,,
Intel Core i9-13900K x 1,-10.337054090755167,19.911674290349346,2.302585092994046,,,-1.791759469228055,-2.833213344056216,6.641182169740591,,-7.471363088187097,,-6.113682179832232,-4.477336814478207,17.386209278600532,
Intel Core i9-14900K x 1,-10.388533723314632,,2.302585092994046,,,-1.9459101490553135,,6.63200177739563,,-7.484368643286131,-4.127134385045092,-5.958424693029782,-4.418840607796598,17.468366564220542,
Intel Core i9-7960X x 1,,19.934060571971198,,,9.06357899058078,-2.3025850929940455,,,,,,-6.92461239604856,,,
Intel Core i9-7980XE x 1,-10.92805853349506,19.985556938225283,,,9.090317329376452,-2.1972245773362196,-3.4965075614664802,5.8998973535824915,,,,,,,
Intel Core i9-9900 x 1,,,,,,,,6.0473721790462776,,,,,,,
Intel Core i9-9900K x 1,-11.254141782561096,19.28633004051162,,-7.261225091971921,,-2.639057329615259,,6.093569770045136,,,,-6.80128303447162,,,-7.757478766584179
Intel Core i9-9900KS x 1,-11.209953766296104,19.435424830676567,,,8.449342524508063,-2.772588722239781,-3.7376696182833684,6.102558594613569,,,,,,,
Intel Core m3-6Y30 x 1,,,,,,,,,,,,-7.784057002639929,,,
Intel Core m3-7Y30 x 1,,,,,,,,,,,,-7.44716835960004,,,
Intel N150 x 1,,,,,,,,,,,,-6.841615476477592,,,
Intel Pentium G4400 x 1,,,,,,,,,,,,-7.113956109566034,,,
Intel Pentium Gold G6400 x 1,,,,,,,-4.976733742420574,5.752572638825633,,,,-6.898714534329988,,,
Intel Xeon 6369P x 1,,,,,,,,6.588926477533519,,,-4.406719247264253,,,,
Intel Xeon 6728P x 4,,,,,,,,,,-4.941642422609305,,,,,
Intel Xeon 6766E x 1,,,,,10.607599400820764,,,,,,,,,18.626020715901983,
Intel Xeon 6766E x 2,,,,,,,,,,,,,,19.27699001788585,
Intel Xeon 6780E x 1,,,,,10.6121635347137,,,,,,,,,18.645375619340903,
Intel Xeon 6980P x 1,,22.11392493174245,4.330733340286331,,10.763694586973367,,,6.253828811575473,-7.355001921105257,-4.844187086458591,-3.1354942159291497,-6.492239835020471,,19.115273803724996,
Intel Xeon 6980P x 2,,22.816413425539253,5.135798437050262,,,,,6.261491684321042,-7.405495663199472,-4.276666119016055,-3.0910424533583156,-6.490723534502507,-2.1972245773362196,19.657930563371604,
Intel Xeon E E-2488 x 1,,,,,,,,6.525029657843462,,-7.706162970199576,,-6.059123195581797,-4.941642422609305,16.653777522706168,
Intel Xeon E-2278G x 1,-11.583719380270308,,,,,,,6.013715156042802,,,,,,,
Intel Xeon E-2278GEL x 1,-11.169632016691976,18.622098845491543,,,7.835974581721566,-2.9444389791664407,,,,,,,,,
Intel Xeon E-2288G x 1,,19.20490363340401,,,,,-3.784189633918261,6.025865973825314,,,,-6.84587987526405,,,
Intel Xeon E-2336 x 1,,19.077092257073623,1.3862943611198906,,8.32069157104845,,,6.248042874508429,,-8.680331928793418,,-6.561030665896573,,,
Intel Xeon E-2388G x 1,-11.423820989887407,19.069627155439974,1.3862943611198906,,8.30622521603216,,,6.295266001439646,,-8.658866349732383,,-6.558197802812269,,,
Intel Xeon E3-1231 v3 x 1,,18.800109036934597,,,,,,,,,,,,,-8.707648248106914
Intel Xeon E3-1235L v5 x 1,,18.907928448326615,,,,,,5.53338948872752,,,,-7.1929342212158,,,
Intel Xeon E3-1240 v5 x 1,,18.89305039071983,,,,,,5.755742213586912,,,,,,,
Intel Xeon E3-1245 v5 x 1,-11.809066657963644,19.024997016816577,,,,,,5.765191102784844,,,,-6.946013991099227,,,-8.446770727119691
Intel Xeon E3-1260L v5 x 1,,19.01191405677808,,,,,-4.442651256490317,5.749392985908253,,,,-6.930494765951626,,,-8.591743922680534
Intel Xeon E3-1270 v5 x 1,,18.83627966442977,,,,,-4.248495242049359,5.783825182329737,,,,,,,
Intel Xeon E3-1275 v6 x 1,-11.702172981834916,19.1015636902984,,-7.950502434808851,8.351138607086154,,,,,,,-6.898714534329988,,,-8.356319965828153
Intel Xeon E3-1280 v5 x 1,-11.814562216398643,18.970864827153413,,,,-3.6375861597263857,-4.304065093204169,5.749392985908253,,,,,,15.370386682405693,
Intel Xeon E3-12xx v2 x 1,,,,,,,,,,,,-7.8709295967551425,,,
Intel Xeon E5-1680 v3 x 1,-11.570769754654666,19.624998856652503,,,,,-4.127134385045092,5.648974238161206,,,,-7.177782416195197,,,
Intel Xeon E5-2609 v4 x 1,-12.225664466294493,19.396824370290933,,-8.264620829411216,,,,,,,,-7.8632667240095735,,,-8.876125585396185
Intel Xeon E5-2620 v2 x 2,,,,,,-2.9444389791664407,,,,,,,,,
Intel Xeon E5-2643 v3 x 2,,,,,,-2.4849066497880004,,,,,,,,,
Intel Xeon E5-2650 0 x 2,,,,,,,,5.123963979403259,,,,,,16.137418751535233,
Intel Xeon E5-2670 0 x 2,,,,,,,,,,-7.826842098158293,,,,,
Intel Xeon E5-2678 v3 x 2,,,,,,,,5.480638923341991,,,,,,,
Intel Xeon E5-2680 v2 x 2,,,,,,-2.1972245773362196,,5.407171771460119,,,,,,,
Intel Xeon E5-2683 v4 x 2,,,,,,-1.9459101490553135,,,,,,,,,
Intel Xeon E5-2687W 0 x 2,,,,,,,,,,,,,,16.43174944442166,
Intel Xeon E5-2687W v3 x 1,-11.656835314610616,19.53214029861567,,,,,,5.552959584921617,,,,-7.1693500166706,,,
Intel Xeon E5-2690 v4 x 2,,,,,,,,,,-7.155396301896734,,,,,
Intel Xeon E5-2696 v4 x 2,,20.365399516457533,2.6390573296152584,,,,,,,-7.030857476116121,,,,,
Intel Xeon E5-2699 v4 x 2,,20.486040856028673,,,,,,,,,,,,,
Intel Xeon E5-4620 v4 x 4,,,,,,-2.0794415416798357,,,,,,,,,
Intel Xeon Gold 5215 x 1,,,,,,-3.367295829986474,,,,,,,,,
Intel Xeon Gold 5217 x 1,,,,,,-2.9444389791664407,,5.666426688112432,,,,-7.072421900537371,,,
Intel Xeon Gold 5218 x 1,,,,,,-2.3978952727983707,-3.828641396489095,5.746203190540153,,,,-7.003065458786462,,,
Intel Xeon Gold 5218 x 2,,20.000560269844836,,,,,,5.598421958998375,,,,,,,
Intel Xeon Gold 5220R x 1,-11.461095184326098,20.361157464346594,,,,,-3.713572066704308,5.808142489980444,-8.98205864280585,,,-7.023758954738443,,,
Intel Xeon Gold 5220R x 2,-11.441332788345242,20.927754202913064,,-6.1463292576688975,,,-3.5553480614894135,5.739792912179234,-8.359134886757962,-6.80128303447162,,-7.01301578963963,,,-7.645397699428633
Intel Xeon Gold 5412U x 1,,,,,,,,6.20455776256869,,,,,,,
Intel Xeon Gold 5416S x 1,,,,,,,,,,,,,,17.02224181520158,
Intel Xeon Gold 6130 x 2,,,,,,,,,,,,-7.297091005160418,,,
Intel Xeon Gold 6138 x 2,,,,,,-1.6094379124341003,,5.7745515455444085,,,,,,,
Intel Xeon Gold 6140 x 2,,,,,,-1.6094379124341003,,,,,,,,,
Intel Xeon Gold 6142 x 2,,,,,,,,,,,,-7.309212365692763,,,
Intel Xeon Gold 6144 x 2,,,,,,,,,,,,,,,-7.6362696033793735
Intel Xeon Gold 6226R x 1,-11.444175421141113,20.35558623035631,,-6.654152520183219,,-2.1972245773362196,-3.6375861597263857,5.765191102784844,,-7.381501894506707,,-7.033506484287697,,,-7.325148957955575
Intel Xeon Gold 6226R x 2,,,,,,,,5.707110264748875,,,,,,,
Intel Xeon Gold 6248R x 2,-11.305839793029655,,,,,,,,,,,-7.088408778675395,,,
Intel Xeon Gold 6254 x 2,,,,,,,,5.648974238161206,,,,-7.037905963447182,,,
Intel Xeon Gold 6254 x 4,,,,,,,,5.552959584921617,,,,,,,
Intel Xeon Gold 6258R x 1,-11.403590394556991,20.466280056765854,,,,,-3.5553480614894135,5.860786223465865,-8.50532301884575,,,-6.9975959829819265,,,
Intel Xeon Gold 6338 x 1,,,,,,,,,-8.46695197497949,,,,,,
Intel Xeon Gold 6338 x 2,,,,,,,,,-8.012680929706839,,,,,,
Intel Xeon Gold 6342 x 1,,20.758094909408335,,-6.297109319933935,,,,,-8.562548893137034,,,-6.897704943128636,,,-7.167809184316444
Intel Xeon Gold 6342 x 2,,21.36420660898854,,-5.707110264748875,,,,,-7.935945103353701,,,-6.897704943128636,,,-7.642044402873258
Intel Xeon Gold 6346 x 1,,20.63189755404785,,-6.616065185132817,,,,,-8.75557997214314,,,-6.8690144506657065,,,-7.3310603052186325
Intel Xeon Gold 6346 x 2,,21.229265132906736,,-6.003887067106539,,,,,-8.228710798793687,,,-6.8679744089702925,,,-7.505492274737424
Intel Xeon Gold 6414U x 1,,,,,,,,,,,,,-3.912023005428146,,
Intel Xeon Gold 6442Y x 1,,21.156282080854712,,,10.440390196012237,,,6.272877006546167,,-6.486160788944089,,,,,
Intel Xeon Gold 6442Y x 2,,21.735586077845582,,,10.701962748225764,,,6.26530121273771,,-5.762051382780177,,,,,
Intel Xeon Gold 6444Y x 2,,,3.784189633918261,,,,,,,,,,-3.5263605246161616,,
Intel Xeon L5640 x 2,,,,-7.801800401908972,,,,,,,,,,,
Intel Xeon Max 9468 x 1,,,,,9.956269737975097,,,6.129050210060545,-7.837159650001675,-6.091309882077698,,,,18.012874312083582,
Intel Xeon Max 9468 x 2,,,,,9.882417121916836,,,6.068425588244111,,,-3.4339872044851463,,,18.774669607605304,
Intel Xeon Max 9480 x 1,,21.192934201872344,,,9.866719828343914,,,6.126869184114185,-7.715123603632105,,,-6.55250788703459,,18.104885123176285,
Intel Xeon Max 9480 x 2,,,4.624972813284271,,9.955985121493882,,,6.095824562432225,,-5.262690188904886,,-6.6039438246004725,-2.890371757896165,,
Intel Xeon Platinum 8253 x 1,,,,,,,,5.579729825986222,,,,,,,
Intel Xeon Platinum 8259L x 2,,,,,,,,5.723585101952381,,,,-7.132497551660044,,,
Intel Xeon Platinum 8260 x 2,,,,-6.180016653652572,,,,,,,,,,,
Intel Xeon Platinum 8272CL x 2,,,,,,,,5.762051382780177,,,,,,,
Intel Xeon Platinum 8280 x 1,-11.412043793188975,20.40418006025415,,,,,-3.5553480614894135,5.834810737062605,-8.543640361431086,,,,,,
Intel Xeon Platinum 8280 x 2,,21.056587297940297,,-5.648974238161206,,-1.0986122886681098,-3.5553480614894135,5.8289456176102075,-7.900636613018005,-6.39024066706535,,-7.003065458786462,,,-8.129174996911793
Intel Xeon Platinum 8362 x 1,,20.789528080058798,,-6.100318952020064,,,,,,-6.761572768804056,,,,,
Intel Xeon Platinum 8362 x 2,,21.445041128050846,,-5.476463551931511,,,,6.018593214496234,-7.70796153183549,-5.993961427306569,,-6.879355804460439,,,-7.888709524182015
Intel Xeon Platinum 8380 x 1,,20.763947143490576,,-5.934894195619588,10.046418381725163,,,5.988961416889864,-8.112827478751374,-6.678342114654332,,-6.926577033222725,,17.7492861510247,-7.2520539518528135
Intel Xeon Platinum 8380 x 2,,21.455006094314072,3.713572066704308,-5.375278407684165,,,-3.258096538021482,5.948034989180646,-7.609862200913554,-5.8916442118257715,,-6.970730078143525,,,-8.13973227971767
Intel Xeon Platinum 8462Y+ x 1,,21.176707179978212,,,10.43687669471087,,,6.298949246855942,,-6.313548046277095,,,,,
Intel Xeon Platinum 8462Y+ x 2,,21.799810840916454,4.07753744390572,,10.674775633480014,,,,,-5.568344503761097,,,,,
Intel Xeon Platinum 8468 x 1,,21.202848286212028,,,10.474749545105949,,,6.20455776256869,,-6.135564891081739,,,,,
Intel Xeon Platinum 8468 x 2,,21.854763176806372,,,10.76155577520986,,,,,-5.365976015021851,,,-2.890371757896165,,
Intel Xeon Platinum 8471N x 1,,21.187969264279815,,,,,,,,-6.139884552226255,,,,,
Intel Xeon Platinum 8480+ x 1,,,,,,,,,,,,-6.428105272684596,,,
Intel Xeon Platinum 8490H x 1,,21.199760864527526,,-5.521460917862246,10.473308235808691,,-2.9444389791664407,6.126869184114185,,-6.045005314036012,,-6.639875833826536,-3.367295829986474,18.36246358748925,
Intel Xeon Platinum 8490H x 2,,21.864145951856177,4.143134726391533,-5.003946305945459,10.704838702305462,,-2.995732273553991,6.100318952020064,,-5.272999558563747,,-6.639875833826536,-2.833213344056216,19.06419799333725,
Intel Xeon Platinum x 2,,,,,,,,,,-5.455321115357702,,,,,
Intel Xeon Silver 4108 x 1,,,,,9.155461710466193,-3.4339872044851463,,,,,,-7.206377291472252,,,
Intel Xeon Silver 4210 x 2,,,,,,-2.3025850929940455,,,,,,,,,
Intel Xeon Silver 4214 x 2,,,,,,,,,,,,-7.580189417944541,,,
Intel Xeon Silver 4214R x 1,,,,,,-2.639057329615259,,5.641907070938114,,,,,,,
Intel Xeon Silver 4215R x 1,,,,,,-2.890371757896165,,5.66988092298052,,,,,,,
Intel Xeon Silver 4216 x 1,-11.933364567805466,20.204238299255177,2.3978952727983707,-6.85751406254539,,-2.4849066497880004,,5.641907070938114,,-7.638198244285779,-4.700480365792417,-7.186901020411631,-4.969813299576001,16.417388358363613,-7.703459047867175
Intel Xeon W-1370P x 1,,,,,,,,6.359573868672378,,,,,,,
Intel Xeon W-2123 x 1,,,,,,,,,,,,-7.309212365692763,,,
Intel Xeon W-2295 x 1,,,,,,,,5.929589143389895,,,,-6.921658184151128,,,
Intel Xeon X5675 x 2,,,,,,-2.833213344056216,,,,,,,,,
